id,identifier,species_id,height,weight,base_experience,order,is_default,base_attack,base_defense,base_hp,base_sp_attack,base_sp_defense,base_speed
1,bulbasaur,1,7,69,64,1.0,1,49,49,45,65,65,45
2,ivysaur,2,10,130,142,2.0,1,62,63,60,80,80,60
3,venusaur,3,20,1000,263,3.0,1,82,83,80,100,100,80
4,charmander,4,6,85,62,5.0,1,52,43,39,60,50,65
5,charmeleon,5,11,190,142,6.0,1,64,58,58,80,65,80
6,charizard,6,17,905,267,7.0,1,84,78,78,109,85,100
7,squirtle,7,5,90,63,10.0,1,48,65,44,50,64,43
8,wartortle,8,10,225,142,11.0,1,63,80,59,65,80,58
9,blastoise,9,16,855,265,12.0,1,83,100,79,85,105,78
10,caterpie,10,3,29,39,14.0,1,30,35,45,20,20,45
11,metapod,11,7,99,72,15.0,1,20,55,50,25,25,30
12,butterfree,12,11,320,198,16.0,1,45,50,60,90,80,70
13,weedle,13,3,32,39,17.0,1,35,30,40,20,20,50
14,kakuna,14,6,100,72,18.0,1,25,50,45,25,25,35
15,beedrill,15,10,295,178,19.0,1,90,40,65,45,80,75
16,pidgey,16,3,18,50,21.0,1,45,40,40,35,35,56
17,pidgeotto,17,11,300,122,22.0,1,60,55,63,50,50,71
18,pidgeot,18,15,395,216,23.0,1,80,75,83,70,70,101
19,rattata,19,3,35,51,25.0,1,56,35,30,25,35,72
20,raticate,20,7,185,145,27.0,1,81,60,55,50,70,97
21,spearow,21,3,20,52,30.0,1,60,30,40,31,31,70
22,fearow,22,12,380,155,31.0,1,90,65,65,61,61,100
23,ekans,23,20,69,58,32.0,1,60,44,35,40,54,55
24,arbok,24,35,650,157,33.0,1,95,69,60,65,79,80
25,pikachu,25,4,60,112,35.0,1,55,40,35,50,50,90
26,raichu,26,8,300,243,51.0,1,90,55,60,90,80,110
27,sandshrew,27,6,120,60,53.0,1,75,85,50,20,30,40
28,sandslash,28,10,295,158,55.0,1,100,110,75,45,55,65
29,nidoran-f,29,4,70,55,57.0,1,47,52,55,40,40,41
30,nidorina,30,8,200,128,58.0,1,62,67,70,55,55,56
31,nidoqueen,31,13,600,253,59.0,1,92,87,90,75,85,76
32,nidoran-m,32,5,90,55,60.0,1,57,40,46,40,40,50
33,nidorino,33,9,195,128,61.0,1,72,57,61,55,55,65
34,nidoking,34,14,620,253,62.0,1,102,77,81,85,75,85
35,clefairy,35,6,75,113,64.0,1,45,48,70,60,65,35
36,clefable,36,13,400,242,65.0,1,70,73,95,95,90,60
37,vulpix,37,6,99,60,66.0,1,41,40,38,50,65,65
38,ninetales,38,11,199,177,68.0,1,76,75,73,81,100,100
39,jigglypuff,39,5,55,95,71.0,1,45,20,115,45,25,20
40,wigglytuff,40,10,120,218,72.0,1,70,45,140,85,50,45
41,zubat,41,8,75,49,73.0,1,45,35,40,30,40,55
42,golbat,42,16,550,159,74.0,1,80,70,75,65,75,90
43,oddish,43,5,54,64,76.0,1,50,55,45,75,65,30
44,gloom,44,8,86,138,77.0,1,65,70,60,85,75,40
45,vileplume,45,12,186,245,78.0,1,80,85,75,110,90,50
46,paras,46,3,54,57,80.0,1,70,55,35,45,55,25
47,parasect,47,10,295,142,81.0,1,95,80,60,60,80,30
48,venonat,48,10,300,61,82.0,1,55,50,60,40,55,45
49,venomoth,49,15,125,158,83.0,1,65,60,70,90,75,90
50,diglett,50,2,8,53,84.0,1,55,25,10,35,45,95
51,dugtrio,51,7,333,149,86.0,1,100,50,35,50,70,120
52,meowth,52,4,42,58,88.0,1,45,35,40,40,40,90
53,persian,53,10,320,154,91.0,1,70,60,65,65,65,115
54,psyduck,54,8,196,64,93.0,1,52,48,50,65,50,55
55,golduck,55,17,766,175,94.0,1,82,78,80,95,80,85
56,mankey,56,5,280,61,95.0,1,80,35,40,35,45,70
57,primeape,57,10,320,159,96.0,1,105,60,65,60,70,95
58,growlithe,58,7,190,70,97.0,1,70,45,55,70,50,60
59,arcanine,59,19,1550,194,98.0,1,110,80,90,100,80,95
60,poliwag,60,6,124,60,99.0,1,50,40,40,40,40,90
61,poliwhirl,61,10,200,135,100.0,1,65,65,65,50,50,90
62,poliwrath,62,13,540,255,101.0,1,95,95,90,70,90,70
63,abra,63,9,195,62,103.0,1,20,15,25,105,55,90
64,kadabra,64,13,565,140,104.0,1,35,30,40,120,70,105
65,alakazam,65,15,480,250,105.0,1,50,45,55,135,95,120
66,machop,66,8,195,61,107.0,1,80,50,70,35,35,35
67,machoke,67,15,705,142,108.0,1,100,70,80,50,60,45
68,machamp,68,16,1300,253,109.0,1,130,80,90,65,85,55
69,bellsprout,69,7,40,60,110.0,1,75,35,50,70,30,40
70,weepinbell,70,10,64,137,111.0,1,90,50,65,85,45,55
71,victreebel,71,17,155,221,112.0,1,105,65,80,100,70,70
72,tentacool,72,9,455,67,113.0,1,40,35,40,50,100,70
73,tentacruel,73,16,550,180,114.0,1,70,65,80,80,120,100
74,geodude,74,4,200,60,115.0,1,80,100,40,30,30,20
75,graveler,75,10,1050,137,117.0,1,95,115,55,45,45,35
76,golem,76,14,3000,223,119.0,1,120,130,80,55,65,45
77,ponyta,77,10,300,82,121.0,1,85,55,50,65,65,90
78,rapidash,78,17,950,175,123.0,1,100,70,65,80,80,105
79,slowpoke,79,12,360,63,125.0,1,65,65,90,40,40,15
80,slowbro,80,16,785,172,127.0,1,75,110,95,100,80,30
81,magnemite,81,3,60,65,132.0,1,35,70,25,95,55,45
82,magneton,82,10,600,163,133.0,1,60,95,50,120,70,70
83,farfetchd,83,8,150,132,135.0,1,90,55,52,58,62,60
84,doduo,84,14,392,62,137.0,1,85,45,35,35,35,75
85,dodrio,85,18,852,165,138.0,1,110,70,60,60,60,110
86,seel,86,11,900,65,139.0,1,45,55,65,45,70,45
87,dewgong,87,17,1200,166,140.0,1,70,80,90,70,95,70
88,grimer,88,9,300,65,141.0,1,80,50,80,40,50,25
89,muk,89,12,300,175,143.0,1,105,75,105,65,100,50
90,shellder,90,3,40,61,145.0,1,65,100,30,45,25,40
91,cloyster,91,15,1325,184,146.0,1,95,180,50,85,45,70
92,gastly,92,13,1,62,147.0,1,35,30,30,100,35,80
93,haunter,93,16,1,142,148.0,1,50,45,45,115,55,95
94,gengar,94,15,405,250,149.0,1,65,60,60,130,75,110
95,onix,95,88,2100,77,151.0,1,45,160,35,30,45,70
96,drowzee,96,10,324,66,154.0,1,48,45,60,43,90,42
97,hypno,97,16,756,169,155.0,1,73,70,85,73,115,67
98,krabby,98,4,65,65,156.0,1,105,90,30,25,25,50
99,kingler,99,13,600,166,157.0,1,130,115,55,50,50,75
100,voltorb,100,5,104,66,158.0,1,30,50,40,55,55,100
101,electrode,101,12,666,172,159.0,1,50,70,60,80,80,150
102,exeggcute,102,4,25,65,160.0,1,40,80,60,60,45,40
103,exeggutor,103,20,1200,186,161.0,1,95,85,95,125,75,55
104,cubone,104,4,65,64,163.0,1,50,95,50,40,50,35
105,marowak,105,10,450,149,164.0,1,80,110,60,50,80,45
106,hitmonlee,106,15,498,159,168.0,1,120,53,50,35,110,87
107,hitmonchan,107,14,502,159,169.0,1,105,79,50,35,110,76
108,lickitung,108,12,655,77,171.0,1,55,75,90,60,75,30
109,koffing,109,6,10,68,173.0,1,65,95,40,60,45,35
110,weezing,110,12,95,172,174.0,1,90,120,65,85,70,60
111,rhyhorn,111,10,1150,69,176.0,1,85,95,80,30,30,25
112,rhydon,112,19,1200,170,177.0,1,130,120,105,45,45,40
113,chansey,113,11,346,395,180.0,1,5,5,250,35,105,50
114,tangela,114,10,350,87,182.0,1,55,115,65,100,40,60
115,kangaskhan,115,22,800,172,184.0,1,95,80,105,40,80,90
116,horsea,116,4,80,59,186.0,1,40,70,30,70,25,60
117,seadra,117,12,250,154,187.0,1,65,95,55,95,45,85
118,goldeen,118,6,150,64,189.0,1,67,60,45,35,50,63
119,seaking,119,13,390,158,190.0,1,92,65,80,65,80,68
120,staryu,120,8,345,68,191.0,1,45,55,30,70,55,85
121,starmie,121,11,800,182,192.0,1,75,85,60,100,85,115
122,mr-mime,122,13,545,161,194.0,1,45,65,40,100,120,90
123,scyther,123,15,560,100,196.0,1,110,80,70,55,80,105
124,jynx,124,14,406,159,200.0,1,50,35,65,115,95,95
125,electabuzz,125,11,300,172,202.0,1,83,57,65,95,85,105
126,magmar,126,13,445,173,205.0,1,95,57,65,100,85,93
127,pinsir,127,15,550,175,207.0,1,125,100,65,55,70,85
128,tauros,128,14,884,172,209.0,1,100,95,75,40,70,110
129,magikarp,129,9,100,40,210.0,1,10,55,20,15,20,80
130,gyarados,130,65,2350,189,211.0,1,125,79,95,60,100,81
131,lapras,131,25,2200,187,213.0,1,85,80,130,85,95,60
132,ditto,132,3,40,101,214.0,1,48,48,48,48,48,48
133,eevee,133,3,65,65,215.0,1,55,50,55,45,65,55
134,vaporeon,134,10,290,184,217.0,1,65,60,130,110,95,65
135,jolteon,135,8,245,184,218.0,1,65,60,65,110,95,130
136,flareon,136,9,250,184,219.0,1,130,60,65,95,110,65
137,porygon,137,8,365,79,225.0,1,60,70,65,85,75,40
138,omanyte,138,4,75,71,228.0,1,40,100,35,90,55,35
139,omastar,139,10,350,173,229.0,1,60,125,70,115,70,55
140,kabuto,140,5,115,71,230.0,1,80,90,30,55,45,55
141,kabutops,141,13,405,173,231.0,1,115,105,60,65,70,80
142,aerodactyl,142,18,590,180,232.0,1,105,65,80,60,75,130
143,snorlax,143,21,4600,189,235.0,1,110,65,160,65,110,30
144,articuno,144,17,554,290,236.0,1,85,100,90,95,125,85
145,zapdos,145,16,526,290,238.0,1,90,85,90,125,90,100
146,moltres,146,20,600,290,240.0,1,100,90,90,125,85,90
147,dratini,147,18,33,60,242.0,1,64,45,41,50,50,50
148,dragonair,148,40,165,147,243.0,1,84,65,61,70,70,70
149,dragonite,149,22,2100,300,244.0,1,134,95,91,100,100,80
150,mewtwo,150,20,1220,340,245.0,1,110,90,106,154,90,130
151,mew,151,4,40,300,248.0,1,100,100,100,100,100,100
152,chikorita,152,9,64,64,249.0,1,49,65,45,49,65,45
153,bayleef,153,12,158,142,250.0,1,62,80,60,63,80,60
154,meganium,154,18,1005,236,251.0,1,82,100,80,83,100,80
155,cyndaquil,155,5,79,62,252.0,1,52,43,39,60,50,65
156,quilava,156,9,190,142,253.0,1,64,58,58,80,65,80
157,typhlosion,157,17,795,240,254.0,1,84,78,78,109,85,100
158,totodile,158,6,95,63,255.0,1,65,64,50,44,48,43
159,croconaw,159,11,250,142,256.0,1,80,80,65,59,63,58
160,feraligatr,160,23,888,239,257.0,1,105,100,85,79,83,78
161,sentret,161,8,60,43,258.0,1,46,34,35,35,45,20
162,furret,162,18,325,145,259.0,1,76,64,85,45,55,90
163,hoothoot,163,7,212,52,260.0,1,30,30,60,36,56,50
164,noctowl,164,16,408,158,261.0,1,50,50,100,86,96,70
165,ledyba,165,10,108,53,262.0,1,20,30,40,40,80,55
166,ledian,166,14,356,137,263.0,1,35,50,55,55,110,85
167,spinarak,167,5,85,50,264.0,1,60,40,40,40,40,30
168,ariados,168,11,335,140,265.0,1,90,70,70,60,70,40
169,crobat,169,18,750,268,75.0,1,90,80,85,70,80,130
170,chinchou,170,5,120,66,266.0,1,38,38,75,56,56,67
171,lanturn,171,12,225,161,267.0,1,58,58,125,76,76,67
172,pichu,172,3,20,41,34.0,1,40,15,20,35,35,60
173,cleffa,173,3,30,44,63.0,1,25,28,50,45,55,15
174,igglybuff,174,3,10,42,70.0,1,30,15,90,40,20,15
175,togepi,175,3,15,49,268.0,1,20,65,35,40,65,20
176,togetic,176,6,32,142,269.0,1,40,85,55,80,105,40
177,natu,177,2,20,64,271.0,1,50,45,40,70,45,70
178,xatu,178,15,150,165,272.0,1,75,70,65,95,70,95
179,mareep,179,6,78,56,273.0,1,40,40,55,65,45,35
180,flaaffy,180,8,133,128,274.0,1,55,55,70,80,60,45
181,ampharos,181,14,615,230,275.0,1,75,85,90,115,90,55
182,bellossom,182,4,58,245,79.0,1,80,95,75,90,100,50
183,marill,183,4,85,88,278.0,1,20,50,70,20,50,40
184,azumarill,184,8,285,210,279.0,1,50,80,100,60,80,50
185,sudowoodo,185,12,380,144,281.0,1,100,115,70,30,65,30
186,politoed,186,11,339,250,102.0,1,75,75,90,90,100,70
187,hoppip,187,4,5,50,282.0,1,35,40,35,35,55,50
188,skiploom,188,6,10,119,283.0,1,45,50,55,45,65,80
189,jumpluff,189,8,30,207,284.0,1,55,70,75,55,95,110
190,aipom,190,8,115,72,285.0,1,70,55,55,40,55,85
191,sunkern,191,3,18,36,287.0,1,30,30,30,30,30,30
192,sunflora,192,8,85,149,288.0,1,75,55,75,105,85,30
193,yanma,193,12,380,78,289.0,1,65,45,65,75,45,95
194,wooper,194,4,85,42,291.0,1,45,45,55,25,25,15
195,quagsire,195,14,750,151,292.0,1,85,85,95,65,65,35
196,espeon,196,9,265,184,220.0,1,65,60,65,130,95,110
197,umbreon,197,10,270,184,221.0,1,65,110,95,60,130,65
198,murkrow,198,5,21,81,293.0,1,85,42,60,85,42,91
199,slowking,199,20,795,172,130.0,1,75,80,95,100,110,30
200,misdreavus,200,7,10,87,295.0,1,60,60,60,85,85,85
201,unown,201,5,50,118,297.0,1,72,48,48,72,48,48
202,wobbuffet,202,13,285,142,299.0,1,33,58,190,33,58,33
203,girafarig,203,15,415,159,300.0,1,80,65,70,90,65,85
204,pineco,204,6,72,58,301.0,1,65,90,50,35,35,15
205,forretress,205,12,1258,163,302.0,1,90,140,75,60,60,40
206,dunsparce,206,15,140,145,303.0,1,70,70,100,65,65,45
207,gligar,207,11,648,86,304.0,1,75,105,65,35,65,85
208,steelix,208,92,4000,179,152.0,1,85,200,75,55,65,30
209,snubbull,209,6,78,60,306.0,1,80,50,60,40,40,30
210,granbull,210,14,487,158,307.0,1,120,75,90,60,60,45
211,qwilfish,211,5,39,88,308.0,1,95,85,65,55,55,85
212,scizor,212,18,1180,175,197.0,1,130,100,70,55,80,65
213,shuckle,213,6,205,177,309.0,1,10,230,20,10,230,5
214,heracross,214,15,540,175,310.0,1,125,75,80,40,95,85
215,sneasel,215,9,280,86,312.0,1,95,55,55,35,75,115
216,teddiursa,216,6,88,66,314.0,1,80,50,60,50,50,40
217,ursaring,217,18,1258,175,315.0,1,130,75,90,75,75,55
218,slugma,218,7,350,50,316.0,1,40,40,40,70,40,20
219,magcargo,219,8,550,151,317.0,1,50,120,60,90,80,30
220,swinub,220,4,65,50,318.0,1,50,40,50,30,30,50
221,piloswine,221,11,558,158,319.0,1,100,80,100,60,60,50
222,corsola,222,6,50,144,321.0,1,55,95,65,65,95,35
223,remoraid,223,6,120,60,323.0,1,65,35,35,65,35,65
224,octillery,224,9,285,168,324.0,1,105,75,75,105,75,45
225,delibird,225,9,160,116,325.0,1,55,45,45,65,45,75
226,mantine,226,21,2200,170,327.0,1,40,70,85,80,140,70
227,skarmory,227,17,505,163,328.0,1,80,140,65,40,70,70
228,houndour,228,6,108,66,329.0,1,60,30,45,80,50,65
229,houndoom,229,14,350,175,330.0,1,90,50,75,110,80,95
230,kingdra,230,18,1520,270,188.0,1,95,95,75,95,95,85
231,phanpy,231,5,335,66,332.0,1,60,60,90,40,40,40
232,donphan,232,11,1200,175,333.0,1,120,120,90,60,60,50
233,porygon2,233,6,325,180,226.0,1,80,90,85,105,95,60
234,stantler,234,14,712,163,334.0,1,95,62,73,85,65,85
235,smeargle,235,12,580,88,335.0,1,20,35,55,20,45,75
236,tyrogue,236,7,210,42,167.0,1,35,35,35,35,35,35
237,hitmontop,237,14,480,159,170.0,1,95,95,50,35,110,70
238,smoochum,238,4,60,61,199.0,1,30,15,45,85,65,65
239,elekid,239,6,235,72,201.0,1,63,37,45,65,55,95
240,magby,240,7,214,73,204.0,1,75,37,45,70,55,83
241,miltank,241,12,755,172,336.0,1,80,105,95,40,70,100
242,blissey,242,15,468,635,181.0,1,10,10,255,75,135,55
243,raikou,243,19,1780,290,337.0,1,85,75,90,115,100,115
244,entei,244,21,1980,290,338.0,1,115,85,115,90,75,100
245,suicune,245,20,1870,290,339.0,1,75,115,100,90,115,85
246,larvitar,246,6,720,60,340.0,1,64,50,50,45,50,41
247,pupitar,247,12,1520,144,341.0,1,84,70,70,65,70,51
248,tyranitar,248,20,2020,300,342.0,1,134,110,100,95,100,61
249,lugia,249,52,2160,340,344.0,1,90,130,106,90,154,110
250,ho-oh,250,38,1990,340,345.0,1,130,90,106,110,154,90
251,celebi,251,6,50,300,346.0,1,100,100,100,100,100,100
252,treecko,252,5,50,62,347.0,1,45,35,40,65,55,70
253,grovyle,253,9,216,142,348.0,1,65,45,50,85,65,95
254,sceptile,254,17,522,265,349.0,1,85,65,70,105,85,120
255,torchic,255,4,25,62,351.0,1,60,40,45,70,50,45
256,combusken,256,9,195,142,352.0,1,85,60,60,85,60,55
257,blaziken,257,19,520,265,353.0,1,120,70,80,110,70,80
258,mudkip,258,4,76,62,355.0,1,70,50,50,50,50,40
259,marshtomp,259,7,280,142,356.0,1,85,70,70,60,70,50
260,swampert,260,15,819,268,357.0,1,110,90,100,85,90,60
261,poochyena,261,5,136,56,359.0,1,55,35,35,30,30,35
262,mightyena,262,10,370,147,360.0,1,90,70,70,60,60,70
263,zigzagoon,263,4,175,56,361.0,1,30,41,38,30,41,60
264,linoone,264,5,325,147,363.0,1,70,61,78,50,61,100
265,wurmple,265,3,36,56,365.0,1,45,35,45,20,30,20
266,silcoon,266,6,100,72,366.0,1,35,55,50,25,25,15
267,beautifly,267,10,284,178,367.0,1,70,50,60,100,50,65
268,cascoon,268,7,115,72,368.0,1,35,55,50,25,25,15
269,dustox,269,12,316,173,369.0,1,50,70,60,50,90,65
270,lotad,270,5,26,44,370.0,1,30,30,40,40,50,30
271,lombre,271,12,325,119,371.0,1,50,50,60,60,70,50
272,ludicolo,272,15,550,240,372.0,1,70,70,80,90,100,70
273,seedot,273,5,40,44,373.0,1,40,50,40,30,30,30
274,nuzleaf,274,10,280,119,374.0,1,70,40,70,60,40,60
275,shiftry,275,13,596,240,375.0,1,100,60,90,90,60,80
276,taillow,276,3,23,54,376.0,1,55,30,40,30,30,85
277,swellow,277,7,198,159,377.0,1,85,60,60,75,50,125
278,wingull,278,6,95,54,378.0,1,30,30,40,55,30,85
279,pelipper,279,12,280,154,379.0,1,50,100,60,95,70,65
280,ralts,280,4,66,40,380.0,1,25,25,28,45,35,40
281,kirlia,281,8,202,97,381.0,1,35,35,38,65,55,50
282,gardevoir,282,16,484,259,382.0,1,65,65,68,125,115,80
283,surskit,283,5,17,54,386.0,1,30,32,40,50,52,65
284,masquerain,284,8,36,159,387.0,1,60,62,70,100,82,80
285,shroomish,285,4,45,59,388.0,1,40,60,60,40,60,35
286,breloom,286,12,392,161,389.0,1,130,80,60,60,60,70
287,slakoth,287,8,240,56,390.0,1,60,60,60,35,35,30
288,vigoroth,288,14,465,154,391.0,1,80,80,80,55,55,90
289,slaking,289,20,1305,252,392.0,1,160,100,150,95,65,100
290,nincada,290,5,55,53,393.0,1,45,90,31,30,30,40
291,ninjask,291,8,120,160,394.0,1,90,45,61,50,50,160
292,shedinja,292,8,12,83,395.0,1,90,45,1,30,30,40
293,whismur,293,6,163,48,396.0,1,51,23,64,51,23,28
294,loudred,294,10,405,126,397.0,1,71,43,84,71,43,48
295,exploud,295,15,840,245,398.0,1,91,63,104,91,73,68
296,makuhita,296,10,864,47,399.0,1,60,30,72,20,30,25
297,hariyama,297,23,2538,166,400.0,1,120,60,144,40,60,50
298,azurill,298,2,20,38,277.0,1,20,40,50,20,40,20
299,nosepass,299,10,970,75,401.0,1,45,135,30,45,90,30
300,skitty,300,6,110,52,403.0,1,45,45,50,35,35,50
301,delcatty,301,11,326,140,404.0,1,65,65,70,55,55,90
302,sableye,302,5,110,133,405.0,1,75,75,50,65,65,50
303,mawile,303,6,115,133,407.0,1,85,85,50,55,55,50
304,aron,304,4,600,66,409.0,1,70,100,50,40,40,30
305,lairon,305,9,1200,151,410.0,1,90,140,60,50,50,40
306,aggron,306,21,3600,265,411.0,1,110,180,70,60,60,50
307,meditite,307,6,112,56,413.0,1,40,55,30,40,55,60
308,medicham,308,13,315,144,414.0,1,60,75,60,60,75,80
309,electrike,309,6,152,59,416.0,1,45,40,40,65,40,65
310,manectric,310,15,402,166,417.0,1,75,60,70,105,60,105
311,plusle,311,4,42,142,419.0,1,50,40,60,85,75,95
312,minun,312,4,42,142,420.0,1,40,50,60,75,85,95
313,volbeat,313,7,177,151,421.0,1,73,75,65,47,85,85
314,illumise,314,6,177,151,422.0,1,47,75,65,73,85,85
315,roselia,315,3,20,140,424.0,1,60,45,50,100,80,65
316,gulpin,316,4,103,60,426.0,1,43,53,70,43,53,40
317,swalot,317,17,800,163,427.0,1,73,83,100,73,83,55
318,carvanha,318,8,208,61,428.0,1,90,20,45,65,20,65
319,sharpedo,319,18,888,161,429.0,1,120,40,70,95,40,95
320,wailmer,320,20,1300,80,431.0,1,70,35,130,70,35,60
321,wailord,321,145,3980,175,432.0,1,90,45,170,90,45,60
322,numel,322,7,240,61,433.0,1,60,40,60,65,45,35
323,camerupt,323,19,2200,161,434.0,1,100,70,70,105,75,40
324,torkoal,324,5,804,165,436.0,1,85,140,70,85,70,20
325,spoink,325,7,306,66,437.0,1,25,35,60,70,80,60
326,grumpig,326,9,715,165,438.0,1,45,65,80,90,110,80
327,spinda,327,11,50,126,439.0,1,60,60,60,60,60,60
328,trapinch,328,7,150,58,440.0,1,100,45,45,45,45,10
329,vibrava,329,11,153,119,441.0,1,70,50,50,50,50,70
330,flygon,330,20,820,260,442.0,1,100,80,80,80,80,100
331,cacnea,331,4,513,67,443.0,1,85,40,50,85,40,35
332,cacturne,332,13,774,166,444.0,1,115,60,70,115,60,55
333,swablu,333,4,12,62,445.0,1,40,60,45,40,75,50
334,altaria,334,11,206,172,446.0,1,70,90,75,70,105,80
335,zangoose,335,13,403,160,448.0,1,115,60,73,60,60,90
336,seviper,336,27,525,160,449.0,1,100,60,73,100,60,65
337,lunatone,337,10,1680,161,450.0,1,55,65,90,95,85,70
338,solrock,338,12,1540,161,451.0,1,95,85,90,55,65,70
339,barboach,339,4,19,58,452.0,1,48,43,50,46,41,60
340,whiscash,340,9,236,164,453.0,1,78,73,110,76,71,60
341,corphish,341,6,115,62,454.0,1,80,65,43,50,35,35
342,crawdaunt,342,11,328,164,455.0,1,120,85,63,90,55,55
343,baltoy,343,5,215,60,456.0,1,40,55,40,40,70,55
344,claydol,344,15,1080,175,457.0,1,70,105,60,70,120,75
345,lileep,345,10,238,71,458.0,1,41,77,66,61,87,23
346,cradily,346,15,604,173,459.0,1,81,97,86,81,107,43
347,anorith,347,7,125,71,460.0,1,95,50,45,40,50,75
348,armaldo,348,15,682,173,461.0,1,125,100,75,70,80,45
349,feebas,349,6,74,40,462.0,1,15,20,20,10,55,80
350,milotic,350,62,1620,189,463.0,1,60,79,95,100,125,81
351,castform,351,3,8,147,464.0,1,70,70,70,70,70,70
352,kecleon,352,10,220,154,468.0,1,90,70,60,60,120,40
353,shuppet,353,6,23,59,469.0,1,75,35,44,63,33,45
354,banette,354,11,125,159,470.0,1,115,65,64,83,63,65
355,duskull,355,8,150,59,472.0,1,40,90,20,30,90,25
356,dusclops,356,16,306,159,473.0,1,70,130,40,60,130,25
357,tropius,357,20,1000,161,475.0,1,68,83,99,72,87,51
358,chimecho,358,6,10,159,477.0,1,50,80,75,95,90,65
359,absol,359,12,470,163,478.0,1,130,60,65,75,60,75
360,wynaut,360,6,140,52,298.0,1,23,48,95,23,48,23
361,snorunt,361,7,168,60,480.0,1,50,50,50,50,50,50
362,glalie,362,15,2565,168,481.0,1,80,80,80,80,80,80
363,spheal,363,8,395,58,484.0,1,40,50,70,55,50,25
364,sealeo,364,11,876,144,485.0,1,60,70,90,75,70,45
365,walrein,365,14,1506,265,486.0,1,80,90,110,95,90,65
366,clamperl,366,4,525,69,487.0,1,64,85,35,74,55,32
367,huntail,367,17,270,170,488.0,1,104,105,55,94,75,52
368,gorebyss,368,18,226,170,489.0,1,84,105,55,114,75,52
369,relicanth,369,10,234,170,490.0,1,90,130,100,45,65,55
370,luvdisc,370,6,87,116,491.0,1,30,55,43,40,65,97
371,bagon,371,6,421,60,492.0,1,75,60,45,40,30,50
372,shelgon,372,11,1105,147,493.0,1,95,100,65,60,50,50
373,salamence,373,15,1026,300,494.0,1,135,80,95,110,80,100
374,beldum,374,6,952,60,496.0,1,55,80,40,35,60,30
375,metang,375,12,2025,147,497.0,1,75,100,60,55,80,50
376,metagross,376,16,5500,300,498.0,1,135,130,80,95,90,70
377,regirock,377,17,2300,290,500.0,1,100,200,80,50,100,50
378,regice,378,18,1750,290,501.0,1,50,100,80,100,200,50
379,registeel,379,19,2050,290,502.0,1,75,150,80,75,150,50
380,latias,380,14,400,300,503.0,1,80,90,80,110,130,110
381,latios,381,20,600,300,505.0,1,90,80,80,130,110,110
382,kyogre,382,45,3520,335,507.0,1,100,90,100,150,140,90
383,groudon,383,35,9500,335,509.0,1,150,140,100,100,90,90
384,rayquaza,384,70,2065,340,511.0,1,150,90,105,150,90,95
385,jirachi,385,3,11,300,513.0,1,100,100,100,100,100,100
386,deoxys-normal,386,17,608,270,514.0,1,150,50,50,150,50,150
387,turtwig,387,4,102,64,518.0,1,68,64,55,45,55,31
388,grotle,388,11,970,142,519.0,1,89,85,75,55,65,36
389,torterra,389,22,3100,236,520.0,1,109,105,95,75,85,56
390,chimchar,390,5,62,62,521.0,1,58,44,44,58,44,61
391,monferno,391,9,220,142,522.0,1,78,52,64,78,52,81
392,infernape,392,12,550,240,523.0,1,104,71,76,104,71,108
393,piplup,393,4,52,63,524.0,1,51,53,53,61,56,40
394,prinplup,394,8,230,142,525.0,1,66,68,64,81,76,50
395,empoleon,395,17,845,239,526.0,1,86,88,84,111,101,60
396,starly,396,3,20,49,527.0,1,55,30,40,30,30,60
397,staravia,397,6,155,119,528.0,1,75,50,55,40,40,80
398,staraptor,398,12,249,218,529.0,1,120,70,85,50,60,100
399,bidoof,399,5,200,50,530.0,1,45,40,59,35,40,31
400,bibarel,400,10,315,144,531.0,1,85,60,79,55,60,71
401,kricketot,401,3,22,39,532.0,1,25,41,37,25,41,25
402,kricketune,402,10,255,134,533.0,1,85,51,77,55,51,65
403,shinx,403,5,95,53,534.0,1,65,34,45,40,34,45
404,luxio,404,9,305,127,535.0,1,85,49,60,60,49,60
405,luxray,405,14,420,262,536.0,1,120,79,80,95,79,70
406,budew,406,2,12,56,423.0,1,30,35,40,50,70,55
407,roserade,407,9,145,258,425.0,1,70,65,60,125,105,90
408,cranidos,408,9,315,70,537.0,1,125,40,67,30,30,58
409,rampardos,409,16,1025,173,538.0,1,165,60,97,65,50,58
410,shieldon,410,5,570,70,539.0,1,42,118,30,42,88,30
411,bastiodon,411,13,1495,173,540.0,1,52,168,60,47,138,30
412,burmy,412,2,34,45,541.0,1,29,45,40,29,45,36
413,wormadam-plant,413,5,65,148,542.0,1,59,85,60,79,105,36
414,mothim,414,9,233,148,545.0,1,94,50,70,94,50,66
415,combee,415,3,55,49,546.0,1,30,42,30,30,42,70
416,vespiquen,416,12,385,166,547.0,1,80,102,70,80,102,40
417,pachirisu,417,4,39,142,548.0,1,45,70,60,45,90,95
418,buizel,418,7,295,66,549.0,1,65,35,55,60,30,85
419,floatzel,419,11,335,173,550.0,1,105,55,85,85,50,115
420,cherubi,420,4,33,55,551.0,1,35,45,45,62,53,35
421,cherrim,421,5,93,158,552.0,1,60,70,70,87,78,85
422,shellos,422,3,63,65,553.0,1,48,48,76,57,62,34
423,gastrodon,423,9,299,166,554.0,1,83,68,111,92,82,39
424,ambipom,424,12,203,169,286.0,1,100,66,75,60,66,115
425,drifloon,425,4,12,70,555.0,1,50,34,90,60,44,70
426,drifblim,426,12,150,174,556.0,1,80,44,150,90,54,80
427,buneary,427,4,55,70,557.0,1,66,44,55,44,56,85
428,lopunny,428,12,333,168,558.0,1,76,84,65,54,96,105
429,mismagius,429,9,44,173,296.0,1,60,60,60,105,105,105
430,honchkrow,430,9,273,177,294.0,1,125,52,100,105,52,71
431,glameow,431,5,39,62,560.0,1,55,42,49,42,37,85
432,purugly,432,10,438,158,561.0,1,82,64,71,64,59,112
433,chingling,433,2,6,57,476.0,1,30,50,45,65,50,45
434,stunky,434,4,192,66,562.0,1,63,47,63,41,41,74
435,skuntank,435,10,380,168,563.0,1,93,67,103,71,61,84
436,bronzor,436,5,605,60,564.0,1,24,86,57,24,86,23
437,bronzong,437,13,1870,175,565.0,1,89,116,67,79,116,33
438,bonsly,438,5,150,58,280.0,1,80,95,50,10,45,10
439,mime-jr,439,6,130,62,193.0,1,25,45,20,70,90,60
440,happiny,440,6,244,110,179.0,1,5,5,100,15,65,30
441,chatot,441,5,19,144,566.0,1,65,45,76,92,42,91
442,spiritomb,442,10,1080,170,567.0,1,92,108,50,92,108,35
443,gible,443,7,205,60,568.0,1,70,45,58,40,45,42
444,gabite,444,14,560,144,569.0,1,90,65,68,50,55,82
445,garchomp,445,19,950,300,570.0,1,130,95,108,80,85,102
446,munchlax,446,6,1050,78,234.0,1,85,40,135,40,85,5
447,riolu,447,7,202,57,572.0,1,70,40,40,35,40,60
448,lucario,448,12,540,184,573.0,1,110,70,70,115,70,90
449,hippopotas,449,8,495,66,575.0,1,72,78,68,38,42,32
450,hippowdon,450,20,3000,184,576.0,1,112,118,108,68,72,47
451,skorupi,451,8,120,66,577.0,1,50,90,40,30,55,65
452,drapion,452,13,615,175,578.0,1,90,110,70,60,75,95
453,croagunk,453,7,230,60,579.0,1,61,40,48,61,40,50
454,toxicroak,454,13,444,172,580.0,1,106,65,83,86,65,85
455,carnivine,455,14,270,159,581.0,1,100,72,74,90,72,46
456,finneon,456,4,70,66,582.0,1,49,56,49,49,61,66
457,lumineon,457,12,240,161,583.0,1,69,76,69,69,86,91
458,mantyke,458,10,650,69,326.0,1,20,50,45,60,120,50
459,snover,459,10,505,67,584.0,1,62,50,60,62,60,40
460,abomasnow,460,22,1355,173,585.0,1,92,75,90,92,85,60
461,weavile,461,11,340,179,313.0,1,120,65,70,45,85,125
462,magnezone,462,12,1800,268,134.0,1,70,115,70,130,90,60
463,lickilicky,463,17,1400,180,172.0,1,85,95,110,80,95,50
464,rhyperior,464,24,2828,268,178.0,1,140,130,115,55,55,40
465,tangrowth,465,20,1286,187,183.0,1,100,125,100,110,50,50
466,electivire,466,18,1386,270,203.0,1,123,67,75,95,85,95
467,magmortar,467,16,680,270,206.0,1,95,67,75,125,95,83
468,togekiss,468,15,380,273,270.0,1,50,95,85,120,115,80
469,yanmega,469,19,515,180,290.0,1,76,86,86,116,56,95
470,leafeon,470,10,255,184,222.0,1,110,130,65,60,65,95
471,glaceon,471,8,259,184,223.0,1,60,110,65,130,95,65
472,gliscor,472,20,425,179,305.0,1,95,125,75,45,75,95
473,mamoswine,473,25,2910,265,320.0,1,130,80,110,70,60,80
474,porygon-z,474,9,340,268,227.0,1,80,70,85,135,75,90
475,gallade,475,16,520,259,384.0,1,125,65,68,65,115,80
476,probopass,476,14,3400,184,402.0,1,55,145,60,75,150,40
477,dusknoir,477,22,1066,263,474.0,1,100,135,45,65,135,45
478,froslass,478,13,266,168,483.0,1,80,70,70,80,70,110
479,rotom,479,3,3,154,587.0,1,50,77,50,95,77,91
480,uxie,480,3,3,290,593.0,1,75,130,75,75,130,95
481,mesprit,481,3,3,290,594.0,1,105,105,80,105,105,80
482,azelf,482,3,3,290,595.0,1,125,70,75,125,70,115
483,dialga,483,54,6830,340,596.0,1,120,120,100,150,100,90
484,palkia,484,42,3360,340,597.0,1,120,100,90,150,120,100
485,heatran,485,17,4300,300,598.0,1,90,106,91,130,106,77
486,regigigas,486,37,4200,335,599.0,1,160,110,110,80,110,100
487,giratina-altered,487,45,7500,340,600.0,1,100,120,150,100,120,90
488,cresselia,488,15,856,300,602.0,1,70,110,120,75,120,85
489,phione,489,4,31,216,603.0,1,80,80,80,80,80,80
490,manaphy,490,3,14,270,604.0,1,100,100,100,100,100,100
491,darkrai,491,15,505,270,605.0,1,90,90,70,135,90,125
492,shaymin-land,492,2,21,270,606.0,1,100,100,100,100,100,100
493,arceus,493,32,3200,324,608.0,1,120,120,120,120,120,120
494,victini,494,4,40,300,609.0,1,100,100,100,100,100,100
495,snivy,495,6,81,62,610.0,1,45,55,45,45,55,63
496,servine,496,8,160,145,611.0,1,60,75,60,60,75,83
497,serperior,497,33,630,238,612.0,1,75,95,75,75,95,113
498,tepig,498,5,99,62,613.0,1,63,45,65,45,45,45
499,pignite,499,10,555,146,614.0,1,93,55,90,70,55,55
500,emboar,500,16,1500,238,615.0,1,123,65,110,100,65,65
501,oshawott,501,5,59,62,616.0,1,55,45,55,63,45,45
502,dewott,502,8,245,145,617.0,1,75,60,75,83,60,60
503,samurott,503,15,946,238,618.0,1,100,85,95,108,70,70
504,patrat,504,5,116,51,619.0,1,55,39,45,35,39,42
505,watchog,505,11,270,147,620.0,1,85,69,60,60,69,77
506,lillipup,506,4,41,55,621.0,1,60,45,45,25,45,55
507,herdier,507,9,147,130,622.0,1,80,65,65,35,65,60
508,stoutland,508,12,610,250,623.0,1,110,90,85,45,90,80
509,purrloin,509,4,101,56,624.0,1,50,37,41,50,37,66
510,liepard,510,11,375,156,625.0,1,88,50,64,88,50,106
511,pansage,511,6,105,63,626.0,1,53,48,50,53,48,64
512,simisage,512,11,305,174,627.0,1,98,63,75,98,63,101
513,pansear,513,6,110,63,628.0,1,53,48,50,53,48,64
514,simisear,514,10,280,174,629.0,1,98,63,75,98,63,101
515,panpour,515,6,135,63,630.0,1,53,48,50,53,48,64
516,simipour,516,10,290,174,631.0,1,98,63,75,98,63,101
517,munna,517,6,233,58,632.0,1,25,45,76,67,55,24
518,musharna,518,11,605,170,633.0,1,55,85,116,107,95,29
519,pidove,519,3,21,53,634.0,1,55,50,50,36,30,43
520,tranquill,520,6,150,125,635.0,1,77,62,62,50,42,65
521,unfezant,521,12,290,244,636.0,1,115,80,80,65,55,93
522,blitzle,522,8,298,59,637.0,1,60,32,45,50,32,76
523,zebstrika,523,16,795,174,638.0,1,100,63,75,80,63,116
524,roggenrola,524,4,180,56,639.0,1,75,85,55,25,25,15
525,boldore,525,9,1020,137,640.0,1,105,105,70,50,40,20
526,gigalith,526,17,2600,258,641.0,1,135,130,85,60,80,25
527,woobat,527,4,21,65,642.0,1,45,43,65,55,43,72
528,swoobat,528,9,105,149,643.0,1,57,55,67,77,55,114
529,drilbur,529,3,85,66,644.0,1,85,40,60,30,45,68
530,excadrill,530,7,404,178,645.0,1,135,60,110,50,65,88
531,audino,531,11,310,390,646.0,1,60,86,103,60,86,50
532,timburr,532,6,125,61,648.0,1,80,55,75,25,35,35
533,gurdurr,533,12,400,142,649.0,1,105,85,85,40,50,40
534,conkeldurr,534,14,870,253,650.0,1,140,95,105,55,65,45
535,tympole,535,5,45,59,651.0,1,50,40,50,50,40,64
536,palpitoad,536,8,170,134,652.0,1,65,55,75,65,55,69
537,seismitoad,537,15,620,255,653.0,1,95,75,105,85,75,74
538,throh,538,13,555,163,654.0,1,100,85,120,30,85,45
539,sawk,539,14,510,163,655.0,1,125,75,75,30,75,85
540,sewaddle,540,3,25,62,656.0,1,53,70,45,40,60,42
541,swadloon,541,5,73,133,657.0,1,63,90,55,50,80,42
542,leavanny,542,12,205,225,658.0,1,103,80,75,70,80,92
543,venipede,543,4,53,52,659.0,1,45,59,30,30,39,57
544,whirlipede,544,12,585,126,660.0,1,55,99,40,40,79,47
545,scolipede,545,25,2005,243,661.0,1,100,89,60,55,69,112
546,cottonee,546,3,6,56,662.0,1,27,60,40,37,50,66
547,whimsicott,547,7,66,168,663.0,1,67,85,60,77,75,116
548,petilil,548,5,66,56,664.0,1,35,50,45,70,50,30
549,lilligant,549,11,163,168,665.0,1,60,75,70,110,75,90
550,basculin-red-striped,550,10,180,161,666.0,1,92,65,70,80,55,98
551,sandile,551,7,152,58,668.0,1,72,35,50,35,35,65
552,krokorok,552,10,334,123,669.0,1,82,45,60,45,45,74
553,krookodile,553,15,963,260,670.0,1,117,80,95,65,70,92
554,darumaka,554,6,375,63,671.0,1,90,45,70,15,45,50
555,darmanitan-standard,555,13,929,168,673.0,1,140,55,105,30,55,95
556,maractus,556,10,280,161,677.0,1,86,67,75,106,67,60
557,dwebble,557,3,145,65,678.0,1,65,85,50,35,35,55
558,crustle,558,14,2000,170,679.0,1,105,125,70,65,75,45
559,scraggy,559,6,118,70,680.0,1,75,70,50,35,70,48
560,scrafty,560,11,300,171,681.0,1,90,115,65,45,115,58
561,sigilyph,561,14,140,172,682.0,1,58,80,72,103,80,97
562,yamask,562,5,15,61,683.0,1,30,85,38,55,65,30
563,cofagrigus,563,17,765,169,685.0,1,50,145,58,95,105,30
564,tirtouga,564,7,165,71,686.0,1,78,103,54,53,45,22
565,carracosta,565,12,810,173,687.0,1,108,133,74,83,65,32
566,archen,566,5,95,71,688.0,1,112,45,55,74,45,70
567,archeops,567,14,320,177,689.0,1,140,65,75,112,65,110
568,trubbish,568,6,310,66,690.0,1,50,62,50,40,62,65
569,garbodor,569,19,1073,166,691.0,1,95,82,80,60,82,75
570,zorua,570,7,125,66,692.0,1,65,40,40,80,40,65
571,zoroark,571,16,811,179,693.0,1,105,60,60,120,60,105
572,minccino,572,4,58,60,694.0,1,50,40,55,40,40,75
573,cinccino,573,5,75,165,695.0,1,95,60,75,65,60,115
574,gothita,574,4,58,58,696.0,1,30,50,45,55,65,45
575,gothorita,575,7,180,137,697.0,1,45,70,60,75,85,55
576,gothitelle,576,15,440,245,698.0,1,55,95,70,95,110,65
577,solosis,577,3,10,58,699.0,1,30,40,45,105,50,20
578,duosion,578,6,80,130,700.0,1,40,50,65,125,60,30
579,reuniclus,579,10,201,245,701.0,1,65,75,110,125,85,30
580,ducklett,580,5,55,61,702.0,1,44,50,62,44,50,55
581,swanna,581,13,242,166,703.0,1,87,63,75,87,63,98
582,vanillite,582,4,57,61,704.0,1,50,50,36,65,60,44
583,vanillish,583,11,410,138,705.0,1,65,65,51,80,75,59
584,vanilluxe,584,13,575,268,706.0,1,95,85,71,110,95,79
585,deerling,585,6,195,67,707.0,1,60,50,60,40,50,75
586,sawsbuck,586,19,925,166,708.0,1,100,70,80,60,70,95
587,emolga,587,4,50,150,709.0,1,75,60,55,75,60,103
588,karrablast,588,5,59,63,710.0,1,75,45,50,40,45,60
589,escavalier,589,10,330,173,711.0,1,135,105,70,60,105,20
590,foongus,590,2,10,59,712.0,1,55,45,69,55,55,15
591,amoonguss,591,6,105,162,713.0,1,85,70,114,85,80,30
592,frillish,592,12,330,67,714.0,1,40,50,55,65,85,40
593,jellicent,593,22,1350,168,715.0,1,60,70,100,85,105,60
594,alomomola,594,12,316,165,716.0,1,75,80,165,40,45,65
595,joltik,595,1,6,64,717.0,1,47,50,50,57,50,65
596,galvantula,596,8,143,165,718.0,1,77,60,70,97,60,108
597,ferroseed,597,6,188,61,719.0,1,50,91,44,24,86,10
598,ferrothorn,598,10,1100,171,720.0,1,94,131,74,54,116,20
599,klink,599,3,210,60,721.0,1,55,70,40,45,60,30
600,klang,600,6,510,154,722.0,1,80,95,60,70,85,50
601,klinklang,601,6,810,260,723.0,1,100,115,60,70,85,90
602,tynamo,602,2,3,55,724.0,1,55,40,35,45,40,60
603,eelektrik,603,12,220,142,725.0,1,85,70,65,75,70,40
604,eelektross,604,21,805,232,726.0,1,115,80,85,105,80,50
605,elgyem,605,5,90,67,727.0,1,55,55,55,85,55,30
606,beheeyem,606,10,345,170,728.0,1,75,75,75,125,95,40
607,litwick,607,3,31,55,729.0,1,30,55,50,65,55,20
608,lampent,608,6,130,130,730.0,1,40,60,60,95,60,55
609,chandelure,609,10,343,260,731.0,1,55,90,60,145,90,80
610,axew,610,6,180,64,732.0,1,87,60,46,30,40,57
611,fraxure,611,10,360,144,733.0,1,117,70,66,40,50,67
612,haxorus,612,18,1055,270,734.0,1,147,90,76,60,70,97
613,cubchoo,613,5,85,61,735.0,1,70,40,55,60,40,40
614,beartic,614,26,2600,177,736.0,1,130,80,95,70,80,50
615,cryogonal,615,11,1480,180,737.0,1,50,50,80,95,135,105
616,shelmet,616,4,77,61,738.0,1,40,85,50,40,65,25
617,accelgor,617,8,253,173,739.0,1,70,40,80,100,60,145
618,stunfisk,618,7,110,165,740.0,1,66,84,109,81,99,32
619,mienfoo,619,9,200,70,742.0,1,85,50,45,55,50,65
620,mienshao,620,14,355,179,743.0,1,125,60,65,95,60,105
621,druddigon,621,16,1390,170,744.0,1,120,90,77,60,90,48
622,golett,622,10,920,61,745.0,1,74,50,59,35,50,35
623,golurk,623,28,3300,169,746.0,1,124,80,89,55,80,55
624,pawniard,624,5,102,68,747.0,1,85,70,45,40,40,60
625,bisharp,625,16,700,172,748.0,1,125,100,65,60,70,70
626,bouffalant,626,16,946,172,749.0,1,110,95,95,40,95,55
627,rufflet,627,5,105,70,750.0,1,83,50,70,37,50,60
628,braviary,628,15,410,179,751.0,1,123,75,100,57,75,80
629,vullaby,629,5,90,74,752.0,1,55,75,70,45,65,60
630,mandibuzz,630,12,395,179,753.0,1,65,105,110,55,95,80
631,heatmor,631,14,580,169,754.0,1,97,66,85,105,66,65
632,durant,632,3,330,169,755.0,1,109,112,58,48,48,109
633,deino,633,8,173,60,756.0,1,65,50,52,45,50,38
634,zweilous,634,14,500,147,757.0,1,85,70,72,65,70,58
635,hydreigon,635,18,1600,300,758.0,1,105,90,92,125,90,98
636,larvesta,636,11,288,72,759.0,1,85,55,55,50,55,60
637,volcarona,637,16,460,275,760.0,1,60,65,85,135,105,100
638,cobalion,638,21,2500,290,761.0,1,90,129,91,90,72,108
639,terrakion,639,19,2600,290,762.0,1,129,90,91,72,90,108
640,virizion,640,20,2000,290,763.0,1,90,72,91,90,129,108
641,tornadus-incarnate,641,15,630,290,764.0,1,115,70,79,125,80,111
642,thundurus-incarnate,642,15,610,290,766.0,1,115,70,79,125,80,111
643,reshiram,643,32,3300,340,768.0,1,120,100,100,150,120,90
644,zekrom,644,29,3450,340,769.0,1,150,120,100,120,100,90
645,landorus-incarnate,645,15,680,300,770.0,1,125,90,89,115,80,101
646,kyurem,646,30,3250,330,772.0,1,130,90,125,130,90,95
647,keldeo-ordinary,647,14,485,290,775.0,1,72,90,91,129,90,108
648,meloetta-aria,648,6,65,270,777.0,1,77,77,100,128,128,90
649,genesect,649,15,825,300,779.0,1,120,95,71,120,95,99
650,chespin,650,4,90,63,780.0,1,61,65,56,48,45,38
651,quilladin,651,7,290,142,781.0,1,78,95,61,56,58,57
652,chesnaught,652,16,900,239,782.0,1,107,122,88,74,75,64
653,fennekin,653,4,94,61,783.0,1,45,40,40,62,60,60
654,braixen,654,10,145,143,784.0,1,59,58,59,90,70,73
655,delphox,655,15,390,240,785.0,1,69,72,75,114,100,104
656,froakie,656,3,70,63,786.0,1,56,40,41,62,44,71
657,frogadier,657,6,109,142,787.0,1,63,52,54,83,56,97
658,greninja,658,15,400,239,788.0,1,95,67,72,103,71,122
659,bunnelby,659,4,50,47,791.0,1,36,38,38,32,36,57
660,diggersby,660,10,424,148,792.0,1,56,77,85,50,77,78
661,fletchling,661,3,17,56,793.0,1,50,43,45,40,38,62
662,fletchinder,662,7,160,134,794.0,1,73,55,62,56,52,84
663,talonflame,663,12,245,175,795.0,1,81,71,78,74,69,126
664,scatterbug,664,3,25,40,796.0,1,35,40,38,27,25,35
665,spewpa,665,3,84,75,797.0,1,22,60,45,27,30,29
666,vivillon,666,12,170,185,798.0,1,52,50,80,90,50,89
667,litleo,667,6,135,74,799.0,1,50,58,62,73,54,72
668,pyroar,668,15,815,177,800.0,1,68,72,86,109,66,106
669,flabebe,669,1,1,61,801.0,1,38,39,44,61,79,42
670,floette,670,2,9,130,802.0,1,45,47,54,75,98,52
671,florges,671,11,100,248,804.0,1,65,68,78,112,154,75
672,skiddo,672,9,310,70,805.0,1,65,48,66,62,57,52
673,gogoat,673,17,910,186,806.0,1,100,62,123,97,81,68
674,pancham,674,6,80,70,807.0,1,82,62,67,46,48,43
675,pangoro,675,21,1360,173,808.0,1,124,78,95,69,71,58
676,furfrou,676,12,280,165,809.0,1,80,60,75,65,90,102
677,espurr,677,3,35,71,810.0,1,48,54,62,63,60,68
678,meowstic-male,678,6,85,163,811.0,1,48,76,74,83,81,104
679,honedge,679,8,20,65,813.0,1,80,100,45,35,37,28
680,doublade,680,8,45,157,814.0,1,110,150,59,45,49,35
681,aegislash-shield,681,17,530,250,815.0,1,50,140,60,50,140,60
682,spritzee,682,2,5,68,817.0,1,52,60,78,63,65,23
683,aromatisse,683,8,155,162,818.0,1,72,72,101,99,89,29
684,swirlix,684,4,35,68,819.0,1,48,66,62,59,57,49
685,slurpuff,685,8,50,168,820.0,1,80,86,82,85,75,72
686,inkay,686,4,35,58,821.0,1,54,53,53,37,46,45
687,malamar,687,15,470,169,822.0,1,92,88,86,68,75,73
688,binacle,688,5,310,61,823.0,1,52,67,42,39,56,50
689,barbaracle,689,13,960,175,824.0,1,105,115,72,54,86,68
690,skrelp,690,5,73,64,825.0,1,60,60,50,60,60,30
691,dragalge,691,18,815,173,826.0,1,75,90,65,97,123,44
692,clauncher,692,5,83,66,827.0,1,53,62,50,58,63,44
693,clawitzer,693,13,353,100,828.0,1,73,88,71,120,89,59
694,helioptile,694,5,60,58,829.0,1,38,33,44,61,43,70
695,heliolisk,695,10,210,168,830.0,1,55,52,62,109,94,109
696,tyrunt,696,8,260,72,831.0,1,89,77,58,45,45,48
697,tyrantrum,697,25,2700,182,832.0,1,121,119,82,69,59,71
698,amaura,698,13,252,72,833.0,1,59,50,77,67,63,46
699,aurorus,699,27,2250,104,834.0,1,77,72,123,99,92,58
700,sylveon,700,10,235,184,224.0,1,65,65,95,110,130,60
701,hawlucha,701,8,215,175,835.0,1,92,75,78,74,63,118
702,dedenne,702,2,22,151,836.0,1,58,57,67,81,67,101
703,carbink,703,3,57,100,837.0,1,50,150,50,50,150,50
704,goomy,704,3,28,60,838.0,1,50,35,45,55,75,40
705,sliggoo,705,8,175,158,839.0,1,75,53,68,83,113,60
706,goodra,706,20,1505,300,840.0,1,100,70,90,110,150,80
707,klefki,707,2,30,165,841.0,1,80,91,57,80,87,75
708,phantump,708,4,70,62,842.0,1,70,48,43,50,60,38
709,trevenant,709,15,710,166,843.0,1,110,76,85,65,82,56
710,pumpkaboo-average,710,4,50,67,844.0,1,66,70,49,44,55,51
711,gourgeist-average,711,9,125,173,848.0,1,90,122,65,58,75,84
712,bergmite,712,10,995,61,852.0,1,69,85,55,32,35,28
713,avalugg,713,20,5050,180,853.0,1,117,184,95,44,46,28
714,noibat,714,5,80,49,854.0,1,30,35,40,45,40,55
715,noivern,715,15,850,187,855.0,1,70,80,85,97,80,123
716,xerneas,716,30,2150,340,856.0,1,131,95,126,131,98,99
717,yveltal,717,58,2030,340,857.0,1,131,95,126,131,98,99
718,zygarde-50,718,50,3050,300,858.0,1,100,121,108,81,95,95
719,diancie,719,7,88,300,863.0,1,100,150,50,100,150,50
720,hoopa,720,5,90,270,865.0,1,110,60,80,150,130,70
721,volcanion,721,17,1950,300,867.0,1,110,120,80,130,90,70
722,rowlet,722,3,15,64,868.0,1,55,55,68,50,50,42
723,dartrix,723,7,160,147,869.0,1,75,75,78,70,70,52
724,decidueye,724,16,366,265,870.0,1,107,75,78,100,100,70
725,litten,725,4,43,64,871.0,1,65,40,45,60,40,70
726,torracat,726,7,250,147,872.0,1,85,50,65,80,50,90
727,incineroar,727,18,830,265,873.0,1,115,90,95,80,90,60
728,popplio,728,4,75,64,874.0,1,54,54,50,66,56,40
729,brionne,729,6,175,147,875.0,1,69,69,60,91,81,50
730,primarina,730,18,440,265,876.0,1,74,74,80,126,116,60
731,pikipek,731,3,12,53,877.0,1,75,30,35,30,30,65
732,trumbeak,732,6,148,124,878.0,1,85,50,55,40,50,75
733,toucannon,733,11,260,218,879.0,1,120,75,80,75,75,60
734,yungoos,734,4,60,51,880.0,1,70,30,48,30,30,45
735,gumshoos,735,7,142,146,881.0,1,110,60,88,55,60,45
736,grubbin,736,4,44,60,883.0,1,62,45,47,55,45,46
737,charjabug,737,5,105,140,884.0,1,82,95,57,55,75,36
738,vikavolt,738,15,450,250,885.0,1,70,90,77,145,75,43
739,crabrawler,739,6,70,68,887.0,1,82,57,47,42,47,63
740,crabominable,740,17,1800,167,888.0,1,132,77,97,62,67,43
741,oricorio-baile,741,6,34,167,889.0,1,70,70,75,98,70,93
742,cutiefly,742,1,2,61,893.0,1,45,40,40,55,40,84
743,ribombee,743,2,5,162,894.0,1,55,60,60,95,70,124
744,rockruff,744,5,92,56,896.0,1,65,40,45,30,40,60
745,lycanroc-midday,745,8,250,170,898.0,1,115,65,75,55,65,112
746,wishiwashi-solo,746,2,3,61,901.0,1,20,20,45,25,25,40
747,mareanie,747,4,80,61,903.0,1,53,62,50,43,52,45
748,toxapex,748,7,145,173,904.0,1,63,152,50,53,142,35
749,mudbray,749,10,1100,77,905.0,1,100,70,70,45,55,45
750,mudsdale,750,25,9200,175,906.0,1,125,100,100,55,85,35
751,dewpider,751,3,40,54,907.0,1,40,52,38,40,72,27
752,araquanid,752,18,820,159,908.0,1,70,92,68,50,132,42
753,fomantis,753,3,15,50,910.0,1,55,35,40,50,35,35
754,lurantis,754,9,185,168,911.0,1,105,90,70,80,90,45
755,morelull,755,2,15,57,913.0,1,35,55,40,65,75,15
756,shiinotic,756,10,115,142,914.0,1,45,80,60,90,100,30
757,salandit,757,6,48,64,915.0,1,44,40,48,71,40,77
758,salazzle,758,12,222,168,916.0,1,64,60,68,111,60,117
759,stufful,759,5,68,68,918.0,1,75,50,70,45,50,50
760,bewear,760,21,1350,175,919.0,1,125,80,120,55,60,60
761,bounsweet,761,3,32,42,920.0,1,30,38,42,30,38,32
762,steenee,762,7,82,102,921.0,1,40,48,52,40,48,62
763,tsareena,763,12,214,255,922.0,1,120,98,72,50,98,72
764,comfey,764,1,3,170,923.0,1,52,90,51,82,110,100
765,oranguru,765,15,760,172,924.0,1,60,80,90,90,110,60
766,passimian,766,20,828,172,925.0,1,120,90,100,40,60,80
767,wimpod,767,5,120,46,926.0,1,35,40,25,20,30,80
768,golisopod,768,20,1080,186,927.0,1,125,140,75,60,90,40
769,sandygast,769,5,700,64,928.0,1,55,80,55,70,45,15
770,palossand,770,13,2500,168,929.0,1,75,110,85,100,75,35
771,pyukumuku,771,3,12,144,930.0,1,60,130,55,30,130,5
772,type-null,772,19,1205,107,931.0,1,95,95,95,95,95,59
773,silvally,773,23,1005,285,932.0,1,95,95,95,95,95,95
774,minior-red-meteor,774,3,400,154,933.0,1,60,100,60,60,100,60
775,komala,775,4,199,168,947.0,1,115,65,65,75,95,65
776,turtonator,776,20,2120,170,948.0,1,78,135,60,91,85,36
777,togedemaru,777,3,33,152,949.0,1,98,63,65,40,73,96
778,mimikyu-disguised,778,2,7,167,951.0,1,90,80,55,50,105,96
779,bruxish,779,9,190,166,955.0,1,105,70,68,70,70,92
780,drampa,780,30,1850,170,956.0,1,60,85,78,135,91,36
781,dhelmise,781,39,2100,181,957.0,1,131,100,70,86,90,40
782,jangmo-o,782,6,297,60,958.0,1,55,65,45,45,45,45
783,hakamo-o,783,12,470,147,959.0,1,75,90,55,65,70,65
784,kommo-o,784,16,782,300,960.0,1,110,125,75,100,105,85
785,tapu-koko,785,18,205,285,962.0,1,115,85,70,95,75,130
786,tapu-lele,786,12,186,285,963.0,1,85,75,70,130,115,95
787,tapu-bulu,787,19,455,285,964.0,1,130,115,70,85,95,75
788,tapu-fini,788,13,212,285,965.0,1,75,115,70,95,130,85
789,cosmog,789,2,1,40,966.0,1,29,31,43,29,31,37
790,cosmoem,790,1,9999,140,967.0,1,29,131,43,29,131,37
791,solgaleo,791,34,2300,340,968.0,1,137,107,137,113,89,97
792,lunala,792,40,1200,340,969.0,1,113,89,137,137,107,97
793,nihilego,793,12,555,285,970.0,1,53,47,109,127,131,103
794,buzzwole,794,24,3336,285,971.0,1,139,139,107,53,53,79
795,pheromosa,795,18,250,285,972.0,1,137,37,71,137,37,151
796,xurkitree,796,38,1000,285,973.0,1,89,71,83,173,71,83
797,celesteela,797,92,9999,285,974.0,1,101,103,97,107,101,61
798,kartana,798,3,1,285,975.0,1,181,131,59,59,31,109
799,guzzlord,799,55,8880,285,976.0,1,101,53,223,97,53,43
800,necrozma,800,24,2300,300,977.0,1,107,101,97,127,89,79
801,magearna,801,10,805,300,981.0,1,95,115,80,130,115,65
802,marshadow,802,7,222,300,983.0,1,125,80,90,90,90,125
803,poipole,803,6,18,210,984.0,1,73,67,67,73,67,73
804,naganadel,804,36,1500,270,985.0,1,73,73,73,127,73,121
805,stakataka,805,55,8200,285,986.0,1,131,211,61,53,101,13
806,blacephalon,806,18,130,285,987.0,1,127,53,53,151,79,107
807,zeraora,807,15,445,300,988.0,1,112,75,88,102,80,143
808,meltan,808,2,80,150,989.0,1,65,65,46,55,35,34
809,melmetal,809,25,8000,300,990.0,1,143,143,135,80,65,34
810,grookey,810,3,50,62,991.0,1,65,50,50,40,40,65
811,thwackey,811,7,140,147,992.0,1,85,70,70,55,60,80
812,rillaboom,812,21,900,265,993.0,1,125,90,100,60,70,85
813,scorbunny,813,3,45,62,994.0,1,71,40,50,40,40,69
814,raboot,814,6,90,147,995.0,1,86,60,65,55,60,94
815,cinderace,815,14,330,265,996.0,1,116,75,80,65,75,119
816,sobble,816,3,40,62,997.0,1,40,40,50,70,40,70
817,drizzile,817,7,115,147,998.0,1,60,55,65,95,55,90
818,inteleon,818,19,452,265,999.0,1,85,65,70,125,65,120
819,skwovet,819,3,25,55,1000.0,1,55,55,70,35,35,25
820,greedent,820,6,60,161,1001.0,1,95,95,120,55,75,20
821,rookidee,821,2,18,49,1002.0,1,47,35,38,33,35,57
822,corvisquire,822,8,160,128,1003.0,1,67,55,68,43,55,77
823,corviknight,823,22,750,248,1004.0,1,87,105,98,53,85,67
824,blipbug,824,4,80,36,1005.0,1,20,20,25,25,45,45
825,dottler,825,4,195,117,1006.0,1,35,80,50,50,90,30
826,orbeetle,826,4,408,253,1007.0,1,45,110,60,80,120,90
827,nickit,827,6,89,49,1008.0,1,28,28,40,47,52,50
828,thievul,828,12,199,159,1009.0,1,58,58,70,87,92,90
829,gossifleur,829,4,22,50,1010.0,1,40,60,40,40,60,10
830,eldegoss,830,5,25,161,1011.0,1,50,90,60,80,120,60
831,wooloo,831,6,60,122,1012.0,1,40,55,42,40,45,48
832,dubwool,832,13,430,172,1013.0,1,80,100,72,60,90,88
833,chewtle,833,3,85,57,1014.0,1,64,50,50,38,38,44
834,drednaw,834,10,1155,170,1015.0,1,115,90,90,48,68,74
835,yamper,835,3,135,54,1016.0,1,45,50,59,40,50,26
836,boltund,836,10,340,172,1017.0,1,90,60,69,90,60,121
837,rolycoly,837,3,120,48,1018.0,1,40,50,30,40,50,30
838,carkol,838,11,780,144,1019.0,1,60,90,80,60,70,50
839,coalossal,839,28,3105,255,1020.0,1,80,120,110,80,90,30
840,applin,840,2,5,52,1021.0,1,40,80,40,40,40,20
841,flapple,841,3,10,170,1022.0,1,110,80,70,95,60,70
842,appletun,842,4,130,170,1023.0,1,85,80,110,100,80,30
843,silicobra,843,22,76,63,1024.0,1,57,75,52,35,50,46
844,sandaconda,844,38,655,179,1025.0,1,107,125,72,65,70,71
845,cramorant,845,8,180,166,1026.0,1,85,55,70,85,95,85
846,arrokuda,846,5,10,56,1029.0,1,63,40,41,40,30,66
847,barraskewda,847,13,300,172,1030.0,1,123,60,61,60,50,136
848,toxel,848,4,110,48,1031.0,1,38,35,40,54,35,40
849,toxtricity-amped,849,16,400,176,1032.0,1,98,70,75,114,70,75
850,sizzlipede,850,7,10,61,1034.0,1,65,45,50,50,50,45
851,centiskorch,851,30,1200,184,1035.0,1,115,65,100,90,90,65
852,clobbopus,852,6,40,62,1036.0,1,68,60,50,50,50,32
853,grapploct,853,16,390,168,1037.0,1,118,90,80,70,80,42
854,sinistea,854,1,2,62,1038.0,1,45,45,40,74,54,50
855,polteageist,855,2,4,178,1039.0,1,65,65,60,134,114,70
856,hatenna,856,4,34,53,1040.0,1,30,45,42,56,53,39
857,hattrem,857,6,48,130,1041.0,1,40,65,57,86,73,49
858,hatterene,858,21,51,255,1042.0,1,90,95,57,136,103,29
859,impidimp,859,4,55,53,1043.0,1,45,30,45,55,40,50
860,morgrem,860,8,125,130,1044.0,1,60,45,65,75,55,70
861,grimmsnarl,861,15,610,255,1045.0,1,120,65,95,95,75,60
862,obstagoon,862,16,460,260,1046.0,1,90,101,93,60,81,95
863,perrserker,863,8,280,154,1047.0,1,110,100,70,50,60,50
864,cursola,864,10,4,179,1048.0,1,95,50,60,145,130,30
865,sirfetchd,865,8,1170,177,1049.0,1,135,95,62,68,82,65
866,mr-rime,866,15,582,182,1050.0,1,85,75,80,110,100,70
867,runerigus,867,16,666,169,1051.0,1,95,145,58,50,105,30
868,milcery,868,2,3,54,1052.0,1,40,40,45,50,61,34
869,alcremie,869,3,5,173,1053.0,1,60,75,65,110,121,64
870,falinks,870,30,620,165,1054.0,1,100,100,65,70,60,75
871,pincurchin,871,3,10,152,1055.0,1,101,95,48,91,85,15
872,snom,872,3,38,37,1056.0,1,25,35,30,45,30,20
873,frosmoth,873,13,420,166,1057.0,1,65,60,70,125,90,65
874,stonjourner,874,25,5200,165,1058.0,1,125,135,100,20,20,70
875,eiscue-ice,875,14,890,165,1059.0,1,80,110,75,65,90,50
876,indeedee-male,876,9,280,166,1061.0,1,65,55,60,105,95,95
877,morpeko-full-belly,877,3,30,153,1063.0,1,95,58,58,70,58,97
878,cufant,878,12,1000,66,1065.0,1,80,49,72,40,49,40
879,copperajah,879,30,6500,175,1066.0,1,130,69,122,80,69,30
880,dracozolt,880,18,1900,177,1067.0,1,100,90,90,80,70,75
881,arctozolt,881,23,1500,177,1068.0,1,100,90,90,90,80,55
882,dracovish,882,23,2150,177,1069.0,1,90,100,90,70,80,75
883,arctovish,883,20,1750,177,1070.0,1,90,100,90,80,90,55
884,duraludon,884,18,400,187,1071.0,1,95,115,70,120,50,85
885,dreepy,885,5,20,54,1072.0,1,60,30,28,40,30,82
886,drakloak,886,14,110,144,1073.0,1,80,50,68,60,50,102
887,dragapult,887,30,500,300,1074.0,1,120,75,88,100,75,142
888,zacian,888,28,1100,335,1075.0,1,120,115,92,80,115,138
889,zamazenta,889,29,2100,335,1077.0,1,120,115,92,80,115,138
890,eternatus,890,200,9500,345,1079.0,1,85,95,140,145,95,130
891,kubfu,891,6,120,77,1081.0,1,90,60,60,53,50,72
892,urshifu-single-strike,892,19,1050,275,1082.0,1,130,100,100,63,60,97
893,zarude,893,18,700,300,1084.0,1,120,105,105,70,95,105
894,regieleki,894,12,1450,290,1086.0,1,100,50,80,100,50,200
895,regidrago,895,21,2000,290,1087.0,1,100,50,200,100,50,80
896,glastrier,896,22,8000,290,1088.0,1,145,130,100,65,110,30
897,spectrier,897,20,445,290,1089.0,1,65,60,100,145,80,130
898,calyrex,898,11,77,250,1090.0,1,80,80,100,80,80,80
899,wyrdeer,899,18,951,263,,1,105,72,103,105,75,65
900,kleavor,900,18,890,175,,1,135,95,70,45,70,85
901,ursaluna,901,24,2900,275,,1,140,105,130,45,80,50
902,basculegion-male,902,30,1100,265,,1,112,65,120,80,75,78
903,sneasler,903,13,430,102,,1,130,60,80,40,80,120
904,overqwil,904,25,605,179,,1,115,95,85,65,65,85
905,enamorus-incarnate,905,16,480,116,,1,115,70,74,135,80,106
906,sprigatito,906,4,41,62,906.0,1,61,54,40,45,45,65
907,floragato,907,9,122,144,907.0,1,80,63,61,60,63,83
908,meowscarada,908,15,312,265,908.0,1,110,70,76,81,70,123
909,fuecoco,909,4,98,62,909.0,1,45,59,67,63,40,36
910,crocalor,910,10,307,144,910.0,1,55,78,81,90,58,49
911,skeledirge,911,16,3265,265,911.0,1,75,100,104,110,75,66
912,quaxly,912,5,61,62,912.0,1,65,45,55,50,45,50
913,quaxwell,913,12,215,144,913.0,1,85,65,70,65,60,65
914,quaquaval,914,18,619,265,914.0,1,120,80,85,85,75,85
915,lechonk,915,5,102,51,915.0,1,45,40,54,35,45,35
916,oinkologne-male,916,10,1200,171,916.0,1,100,75,110,59,80,65
917,tarountula,917,3,40,42,918.0,1,41,45,35,29,40,20
918,spidops,918,10,165,141,919.0,1,79,92,60,52,86,35
919,nymble,919,2,10,42,920.0,1,46,40,33,21,25,45
920,lokix,920,10,175,158,921.0,1,102,78,71,52,55,92
921,pawmi,921,3,25,48,954.0,1,50,20,45,40,25,60
922,pawmo,922,4,65,123,955.0,1,75,40,60,50,40,85
923,pawmot,923,9,410,245,956.0,1,115,70,70,70,60,105
924,tandemaus,924,3,18,61,945.0,1,50,45,50,40,45,75
925,maushold-family-of-four,925,3,23,165,946.0,1,75,70,74,65,75,111
926,fidough,926,3,109,62,970.0,1,55,70,37,30,55,65
927,dachsbun,927,5,149,167,971.0,1,80,115,57,50,80,95
928,smoliv,928,3,65,52,935.0,1,35,45,41,58,51,30
929,dolliv,929,6,119,124,936.0,1,53,60,52,78,78,33
930,arboliva,930,14,482,255,937.0,1,69,90,78,125,109,39
931,squawkabilly-green-plumage,931,6,24,146,960.0,1,96,51,82,45,51,92
932,nacli,932,4,160,56,963.0,1,55,75,55,35,35,25
933,naclstack,933,6,1050,124,964.0,1,60,100,60,35,65,35
934,garganacl,934,23,2400,250,965.0,1,100,130,100,45,90,35
935,charcadet,935,6,105,51,1003.0,1,50,40,40,50,40,35
936,armarouge,936,15,850,263,1004.0,1,60,100,85,125,80,75
937,ceruledge,937,16,620,263,1005.0,1,125,80,75,60,100,85
938,tadbulb,938,3,4,54,940.0,1,31,41,61,59,35,45
939,bellibolt,939,12,1130,173,941.0,1,64,91,109,103,83,45
940,wattrel,940,4,36,56,957.0,1,40,35,40,55,40,70
941,kilowattrel,941,14,386,172,958.0,1,70,60,70,105,60,125
942,maschiff,942,5,160,68,972.0,1,78,60,60,40,51,51
943,mabosstiff,943,11,610,177,973.0,1,120,90,80,60,70,85
944,shroodle,944,2,7,58,968.0,1,65,35,40,40,35,75
945,grafaiai,945,7,272,170,969.0,1,95,65,63,80,72,110
946,bramblin,946,6,6,55,974.0,1,65,30,40,45,35,60
947,brambleghast,947,12,60,168,975.0,1,115,70,55,80,70,90
948,toedscool,948,9,330,67,1006.0,1,40,35,40,50,100,70
949,toedscruel,949,19,580,180,1007.0,1,70,65,80,80,120,100
950,klawf,950,13,790,158,962.0,1,100,115,70,35,55,75
951,capsakid,951,3,30,61,938.0,1,62,40,50,62,40,50
952,scovillain,952,9,150,170,939.0,1,108,65,65,108,65,75
953,rellor,953,2,10,54,922.0,1,50,60,41,31,58,30
954,rabsca,954,3,35,165,923.0,1,50,85,75,115,100,45
955,flittle,955,2,15,51,926.0,1,35,30,30,55,30,75
956,espathra,956,19,900,168,927.0,1,60,60,95,101,60,105
957,tinkatink,957,4,89,59,1000.0,1,45,45,50,35,64,58
958,tinkatuff,958,7,591,133,1001.0,1,55,55,65,45,82,78
959,tinkaton,959,7,1128,253,1002.0,1,75,77,85,70,105,94
960,wiglett,960,12,18,49,929.0,1,55,25,10,35,25,95
961,wugtrio,961,12,54,149,930.0,1,100,50,35,50,70,120
962,bombirdier,962,15,429,243,959.0,1,103,85,70,60,85,82
963,finizen,963,13,602,63,933.0,1,45,40,70,45,40,75
964,palafin-zero,964,13,602,160,934.0,1,70,72,100,53,62,100
965,varoom,965,10,350,60,942.0,1,70,63,45,30,45,47
966,revavroom,966,18,1200,175,943.0,1,119,90,80,54,67,90
967,cyclizar,967,16,630,175,953.0,1,95,65,70,85,65,121
968,orthworm,968,25,3100,240,944.0,1,85,145,70,60,55,65
969,glimmet,969,7,80,70,966.0,1,35,42,48,105,60,60
970,glimmora,970,15,450,184,967.0,1,55,90,83,130,81,86
971,greavard,971,6,350,58,924.0,1,61,60,50,30,55,34
972,houndstone,972,20,150,171,925.0,1,101,100,72,50,97,68
973,flamigo,973,16,370,175,961.0,1,115,74,82,75,64,90
974,cetoddle,974,12,450,67,947.0,1,68,45,108,30,40,43
975,cetitan,975,45,7000,182,948.0,1,113,65,170,45,55,73
976,veluza,976,25,900,167,932.0,1,102,73,90,78,65,70
977,dondozo,977,120,2200,265,931.0,1,100,115,150,65,65,35
978,tatsugiri-curly,978,3,80,166,952.0,1,50,60,68,120,95,82
979,annihilape,979,12,560,268,1010.0,1,115,80,110,50,90,90
980,clodsire,980,18,2230,151,1009.0,1,75,60,130,45,100,20
981,farigiraf,981,32,1600,260,928.0,1,90,70,120,110,70,60
982,dudunsparce-two-segment,982,36,392,182,917.0,1,100,80,125,85,75,55
983,kingambit,983,20,1200,275,1008.0,1,135,120,100,60,85,50
984,great-tusk,984,22,3200,285,978.0,1,131,131,115,53,53,87
985,scream-tail,985,12,80,285,982.0,1,65,99,115,65,115,111
986,brute-bonnet,986,12,210,285,979.0,1,127,99,111,79,99,55
987,flutter-mane,987,14,40,285,983.0,1,55,55,55,135,135,135
988,slither-wing,988,32,920,285,984.0,1,135,79,85,85,105,81
989,sandy-shocks,989,23,600,285,981.0,1,81,97,85,121,85,101
990,iron-treads,990,9,2400,285,986.0,1,112,120,90,72,70,106
991,iron-bundle,991,6,110,285,992.0,1,80,114,56,124,60,136
992,iron-hands,992,18,3807,285,989.0,1,140,108,154,50,68,50
993,iron-jugulis,993,13,1110,285,990.0,1,80,86,94,122,80,108
994,iron-moth,994,12,360,285,988.0,1,70,60,80,140,110,110
995,iron-thorns,995,16,3030,285,991.0,1,134,110,100,70,84,72
996,frigibax,996,5,170,64,949.0,1,75,45,65,35,45,55
997,arctibax,997,8,300,148,950.0,1,95,66,90,45,65,62
998,baxcalibur,998,21,2100,300,951.0,1,145,92,115,75,86,87
999,gimmighoul,999,3,50,60,976.0,1,30,70,45,75,70,10
1000,gholdengo,1000,12,300,275,977.0,1,60,95,87,133,91,84
1001,wo-chien,1001,15,742,285,996.0,1,85,100,85,95,135,70
1002,chien-pao,1002,19,1522,285,995.0,1,120,80,80,90,65,135
1003,ting-lu,1003,27,6997,285,994.0,1,110,125,155,55,80,45
1004,chi-yu,1004,4,49,285,997.0,1,80,80,55,135,120,100
1005,roaring-moon,1005,20,3800,295,985.0,1,139,71,105,55,101,119
1006,iron-valiant,1006,14,350,295,993.0,1,130,90,74,120,60,116
1007,koraidon,1007,25,3030,335,998.0,1,135,115,100,85,100,135
1008,miraidon,1008,35,2400,335,999.0,1,85,100,100,135,115,135
1009,walking-wake,1009,35,2800,295,1093.0,1,83,91,99,125,83,109
1010,iron-leaves,1010,15,1250,295,1094.0,1,130,88,90,70,108,104
1011,dipplin,1011,4,97,170,1095.0,1,80,110,80,95,80,40
1012,poltchageist,1012,1,11,62,1096.0,1,45,45,40,74,54,50
1013,sinistcha,1013,2,22,178,1097.0,1,60,106,71,121,80,70
1014,okidogi,1014,18,922,278,1098.0,1,128,115,88,58,86,80
1015,munkidori,1015,10,122,278,1099.0,1,75,66,88,130,90,106
1016,fezandipiti,1016,14,301,278,1100.0,1,91,82,88,70,125,99
1017,ogerpon,1017,12,398,275,1101.0,1,120,84,80,60,96,110
1018,archaludon,1018,20,600,300,1102.0,1,105,130,90,125,65,85
1019,hydrapple,1019,18,930,270,1103.0,1,80,110,106,120,80,44
1020,gouging-fire,1020,35,5900,295,1104.0,1,115,121,105,65,93,91
1021,raging-bolt,1021,52,4800,295,1105.0,1,73,91,125,137,89,75
1022,iron-boulder,1022,15,1625,295,1106.0,1,120,80,90,68,108,124
1023,iron-crown,1023,16,1560,295,1107.0,1,72,100,90,122,108,98
1024,terapagos,1024,2,65,90,1108.0,1,65,85,90,65,85,60
1025,pecharunt,1025,3,3,300,1109.0,1,88,160,88,88,88,88
10001,deoxys-attack,386,17,608,270,515.0,0,180,20,50,180,20,150
10002,deoxys-defense,386,17,608,270,516.0,0,70,160,50,70,160,90
10003,deoxys-speed,386,17,608,270,517.0,0,95,90,50,95,90,180
10004,wormadam-sandy,413,5,65,148,543.0,0,79,105,60,59,85,36
10005,wormadam-trash,413,5,65,148,544.0,0,69,95,60,69,95,36
10006,shaymin-sky,492,4,52,270,607.0,0,103,75,100,120,75,127
10007,giratina-origin,487,69,6500,340,601.0,0,120,100,150,120,100,90
10008,rotom-heat,479,3,3,182,588.0,0,65,107,50,105,107,86
10009,rotom-wash,479,3,3,182,589.0,0,65,107,50,105,107,86
10010,rotom-frost,479,3,3,182,590.0,0,65,107,50,105,107,86
10011,rotom-fan,479,3,3,182,591.0,0,65,107,50,105,107,86
10012,rotom-mow,479,3,3,182,592.0,0,65,107,50,105,107,86
10013,castform-sunny,351,3,8,147,465.0,0,70,70,70,70,70,70
10014,castform-rainy,351,3,8,147,466.0,0,70,70,70,70,70,70
10015,castform-snowy,351,3,8,147,467.0,0,70,70,70,70,70,70
10016,basculin-blue-striped,550,10,180,161,667.0,0,92,65,70,80,55,98
10017,darmanitan-zen,555,13,929,189,674.0,0,30,105,105,140,105,55
10018,meloetta-pirouette,648,6,65,270,778.0,0,128,90,100,77,77,128
10019,tornadus-therian,641,14,630,290,765.0,0,100,80,79,110,90,121
10020,thundurus-therian,642,30,610,290,767.0,0,105,70,79,145,80,101
10021,landorus-therian,645,13,680,300,771.0,0,145,90,89,105,80,91
10022,kyurem-black,646,33,3250,350,774.0,0,170,100,125,120,90,95
10023,kyurem-white,646,36,3250,350,773.0,0,120,90,125,170,100,95
10024,keldeo-resolute,647,14,485,290,776.0,0,72,90,91,129,90,108
10025,meowstic-female,678,6,85,163,812.0,0,48,76,74,83,81,104
10026,aegislash-blade,681,17,530,250,816.0,0,140,50,60,140,50,60
10027,pumpkaboo-small,710,3,35,67,845.0,0,66,70,44,44,55,56
10028,pumpkaboo-large,710,5,75,67,846.0,0,66,70,54,44,55,46
10029,pumpkaboo-super,710,8,150,67,847.0,0,66,70,59,44,55,41
10030,gourgeist-small,711,7,95,173,849.0,0,85,122,55,58,75,99
10031,gourgeist-large,711,11,140,173,850.0,0,95,122,75,58,75,69
10032,gourgeist-super,711,17,390,173,851.0,0,100,122,85,58,75,54
10033,venusaur-mega,3,24,1555,281,4.0,0,100,123,80,122,120,80
10034,charizard-mega-x,6,17,1105,285,8.0,0,130,111,78,130,85,100
10035,charizard-mega-y,6,17,1005,285,9.0,0,104,78,78,159,115,100
10036,blastoise-mega,9,16,1011,284,13.0,0,103,120,79,135,115,78
10037,alakazam-mega,65,12,480,270,106.0,0,50,65,55,175,105,150
10038,gengar-mega,94,14,405,270,150.0,0,65,80,60,170,95,130
10039,kangaskhan-mega,115,22,1000,207,185.0,0,125,100,105,60,100,100
10040,pinsir-mega,127,17,590,210,208.0,0,155,120,65,65,90,105
10041,gyarados-mega,130,65,3050,224,212.0,0,155,109,95,70,130,81
10042,aerodactyl-mega,142,21,790,215,233.0,0,135,85,80,70,95,150
10043,mewtwo-mega-x,150,23,1270,351,246.0,0,190,100,106,154,100,130
10044,mewtwo-mega-y,150,15,330,351,247.0,0,150,70,106,194,120,140
10045,ampharos-mega,181,14,615,275,276.0,0,95,105,90,165,110,45
10046,scizor-mega,212,20,1250,210,198.0,0,150,140,70,65,100,75
10047,heracross-mega,214,17,625,210,311.0,0,185,115,80,40,105,75
10048,houndoom-mega,229,19,495,210,331.0,0,90,90,75,140,90,115
10049,tyranitar-mega,248,25,2550,315,343.0,0,164,150,100,95,120,71
10050,blaziken-mega,257,19,520,284,354.0,0,160,80,80,130,80,100
10051,gardevoir-mega,282,16,484,278,383.0,0,85,65,68,165,135,100
10052,mawile-mega,303,10,235,168,408.0,0,105,125,50,55,95,50
10053,aggron-mega,306,22,3950,284,412.0,0,140,230,70,60,80,50
10054,medicham-mega,308,13,315,179,415.0,0,100,85,60,80,85,100
10055,manectric-mega,310,18,440,201,418.0,0,75,80,70,135,80,135
10056,banette-mega,354,12,130,194,471.0,0,165,75,64,93,83,75
10057,absol-mega,359,12,490,198,479.0,0,150,60,65,115,60,115
10058,garchomp-mega,445,19,950,315,571.0,0,170,115,108,120,95,92
10059,lucario-mega,448,13,575,219,574.0,0,145,88,70,140,70,112
10060,abomasnow-mega,460,27,1850,208,586.0,0,132,105,90,132,105,30
10061,floette-eternal,670,2,9,243,803.0,0,65,67,74,125,128,92
10062,latias-mega,380,18,520,315,504.0,0,100,120,80,140,150,110
10063,latios-mega,381,23,700,315,506.0,0,130,100,80,160,120,110
10064,swampert-mega,260,19,1020,286,358.0,0,150,110,100,95,110,70
10065,sceptile-mega,254,19,552,284,350.0,0,110,75,70,145,85,145
10066,sableye-mega,302,5,1610,168,406.0,0,85,125,50,85,115,20
10067,altaria-mega,334,15,206,207,447.0,0,110,110,75,110,105,80
10068,gallade-mega,475,16,564,278,385.0,0,165,95,68,65,115,110
10069,audino-mega,531,15,320,425,647.0,0,60,126,103,80,126,50
10070,sharpedo-mega,319,25,1303,196,430.0,0,140,70,70,110,65,105
10071,slowbro-mega,80,20,1200,207,128.0,0,75,180,95,130,80,30
10072,steelix-mega,208,105,7400,214,153.0,0,125,230,75,55,95,30
10073,pidgeot-mega,18,22,505,261,24.0,0,80,80,83,135,80,121
10074,glalie-mega,362,21,3502,203,482.0,0,120,80,80,120,80,100
10075,diancie-mega,719,11,278,315,864.0,0,160,110,50,160,110,110
10076,metagross-mega,376,25,9429,315,499.0,0,145,150,80,105,110,110
10077,kyogre-primal,382,98,4300,347,508.0,0,150,90,100,180,160,90
10078,groudon-primal,383,50,9997,347,510.0,0,180,160,100,150,90,90
10079,rayquaza-mega,384,108,3920,351,512.0,0,180,100,105,180,100,115
10080,pikachu-rock-star,25,4,60,112,37.0,0,55,40,35,50,50,90
10081,pikachu-belle,25,4,60,112,38.0,0,55,40,35,50,50,90
10082,pikachu-pop-star,25,4,60,112,39.0,0,55,40,35,50,50,90
10083,pikachu-phd,25,4,60,112,40.0,0,55,40,35,50,50,90
10084,pikachu-libre,25,4,60,112,41.0,0,55,40,35,50,50,90
10085,pikachu-cosplay,25,4,60,112,36.0,0,55,40,35,50,50,90
10086,hoopa-unbound,720,65,4900,306,866.0,0,160,60,80,170,130,80
10087,camerupt-mega,323,25,3205,196,435.0,0,120,100,70,145,105,20
10088,lopunny-mega,428,13,283,203,559.0,0,136,94,65,54,96,135
10089,salamence-mega,373,18,1126,315,495.0,0,145,130,95,120,90,120
10090,beedrill-mega,15,14,405,223,20.0,0,150,40,65,15,80,145
10091,rattata-alola,19,3,38,51,26.0,0,56,35,30,25,35,72
10092,raticate-alola,20,7,255,145,28.0,0,71,70,75,40,80,77
10093,raticate-totem-alola,20,14,1050,145,29.0,0,71,70,75,40,80,77
10094,pikachu-original-cap,25,4,60,112,42.0,0,55,40,35,50,50,90
10095,pikachu-hoenn-cap,25,4,60,112,43.0,0,55,40,35,50,50,90
10096,pikachu-sinnoh-cap,25,4,60,112,44.0,0,55,40,35,50,50,90
10097,pikachu-unova-cap,25,4,60,112,45.0,0,55,40,35,50,50,90
10098,pikachu-kalos-cap,25,4,60,112,46.0,0,55,40,35,50,50,90
10099,pikachu-alola-cap,25,4,60,112,47.0,0,55,40,35,50,50,90
10100,raichu-alola,26,7,210,243,52.0,0,85,50,60,95,85,110
10101,sandshrew-alola,27,7,400,60,54.0,0,75,90,50,10,35,40
10102,sandslash-alola,28,12,550,158,56.0,0,100,120,75,25,65,65
10103,vulpix-alola,37,6,99,60,67.0,0,41,40,38,50,65,65
10104,ninetales-alola,38,11,199,177,69.0,0,67,75,73,81,100,109
10105,diglett-alola,50,2,10,53,85.0,0,55,30,10,35,45,90
10106,dugtrio-alola,51,7,666,149,87.0,0,100,60,35,50,70,110
10107,meowth-alola,52,4,42,58,89.0,0,35,35,40,50,40,90
10108,persian-alola,53,11,330,154,92.0,0,60,60,65,75,65,115
10109,geodude-alola,74,4,203,60,116.0,0,80,100,40,30,30,20
10110,graveler-alola,75,10,1100,137,118.0,0,95,115,55,45,45,35
10111,golem-alola,76,17,3160,223,120.0,0,120,130,80,55,65,45
10112,grimer-alola,88,7,420,65,142.0,0,80,50,80,40,50,25
10113,muk-alola,89,10,520,175,144.0,0,105,75,105,65,100,50
10114,exeggutor-alola,103,109,4156,186,162.0,0,105,85,95,125,75,45
10115,marowak-alola,105,10,340,149,165.0,0,80,110,60,50,80,45
10116,greninja-battle-bond,658,15,400,239,789.0,0,95,67,72,103,71,122
10117,greninja-ash,658,15,400,288,790.0,0,145,67,72,153,71,132
10118,zygarde-10-power-construct,718,12,335,243,860.0,0,100,71,54,61,85,115
10119,zygarde-50-power-construct,718,50,3050,300,861.0,0,100,121,108,81,95,95
10120,zygarde-complete,718,45,6100,354,862.0,0,100,121,216,91,95,85
10121,gumshoos-totem,735,14,600,146,882.0,0,110,60,88,55,60,45
10122,vikavolt-totem,738,26,1475,225,886.0,0,70,90,77,145,75,43
10123,oricorio-pom-pom,741,6,34,167,890.0,0,70,70,75,98,70,93
10124,oricorio-pau,741,6,34,167,891.0,0,70,70,75,98,70,93
10125,oricorio-sensu,741,6,34,167,892.0,0,70,70,75,98,70,93
10126,lycanroc-midnight,745,11,250,170,899.0,0,115,75,85,55,75,82
10127,wishiwashi-school,746,82,786,217,902.0,0,140,130,45,140,135,30
10128,lurantis-totem,754,15,580,168,912.0,0,105,90,70,80,90,45
10129,salazzle-totem,758,21,810,168,917.0,0,64,60,68,111,60,117
10130,minior-orange-meteor,774,3,400,154,934.0,0,60,100,60,60,100,60
10131,minior-yellow-meteor,774,3,400,154,935.0,0,60,100,60,60,100,60
10132,minior-green-meteor,774,3,400,154,936.0,0,60,100,60,60,100,60
10133,minior-blue-meteor,774,3,400,154,937.0,0,60,100,60,60,100,60
10134,minior-indigo-meteor,774,3,400,154,938.0,0,60,100,60,60,100,60
10135,minior-violet-meteor,774,3,400,154,939.0,0,60,100,60,60,100,60
10136,minior-red,774,3,3,175,940.0,0,100,60,60,100,60,120
10137,minior-orange,774,3,3,175,941.0,0,100,60,60,100,60,120
10138,minior-yellow,774,3,3,175,942.0,0,100,60,60,100,60,120
10139,minior-green,774,3,3,175,943.0,0,100,60,60,100,60,120
10140,minior-blue,774,3,3,175,944.0,0,100,60,60,100,60,120
10141,minior-indigo,774,3,3,175,945.0,0,100,60,60,100,60,120
10142,minior-violet,774,3,3,175,946.0,0,100,60,60,100,60,120
10143,mimikyu-busted,778,2,7,167,952.0,0,90,80,55,50,105,96
10144,mimikyu-totem-disguised,778,4,28,167,953.0,0,90,80,55,50,105,96
10145,mimikyu-totem-busted,778,4,28,167,954.0,0,90,80,55,50,105,96
10146,kommo-o-totem,784,24,2075,270,961.0,0,110,125,75,100,105,85
10147,magearna-original,801,10,805,300,982.0,0,95,115,80,130,115,65
10148,pikachu-partner-cap,25,4,60,112,48.0,0,55,40,35,50,50,90
10149,marowak-totem,105,17,980,149,166.0,0,80,110,60,50,80,45
10150,ribombee-totem,743,4,20,162,895.0,0,55,60,60,95,70,124
10151,rockruff-own-tempo,744,5,92,56,897.0,0,65,40,45,30,40,60
10152,lycanroc-dusk,745,8,250,170,900.0,0,117,65,75,55,65,110
10153,araquanid-totem,752,31,2175,159,909.0,0,70,92,68,50,132,42
10154,togedemaru-totem,777,6,130,152,950.0,0,98,63,65,40,73,96
10155,necrozma-dusk,800,38,4600,340,978.0,0,157,127,97,113,109,77
10156,necrozma-dawn,800,42,3500,340,979.0,0,113,109,97,157,127,77
10157,necrozma-ultra,800,75,2300,339,980.0,0,167,97,97,167,97,129
10158,pikachu-starter,25,4,60,86,49.0,0,80,50,45,75,60,120
10159,eevee-starter,133,3,65,87,216.0,0,75,70,65,65,85,75
10160,pikachu-world-cap,25,4,60,112,50.0,0,55,40,35,50,50,90
10161,meowth-galar,52,4,75,58,90.0,0,65,55,50,40,40,40
10162,ponyta-galar,77,8,240,82,122.0,0,85,55,50,65,65,90
10163,rapidash-galar,78,17,800,175,124.0,0,100,70,65,80,80,105
10164,slowpoke-galar,79,12,360,63,126.0,0,65,65,90,40,40,15
10165,slowbro-galar,80,16,705,172,129.0,0,100,95,95,100,70,30
10166,farfetchd-galar,83,8,420,132,136.0,0,95,55,52,58,62,55
10167,weezing-galar,110,30,160,172,175.0,0,90,120,65,85,70,60
10168,mr-mime-galar,122,14,568,161,195.0,0,65,65,50,90,90,100
10169,articuno-galar,144,17,509,290,237.0,0,85,85,90,125,100,95
10170,zapdos-galar,145,16,582,290,239.0,0,125,90,90,85,90,100
10171,moltres-galar,146,20,660,290,241.0,0,85,90,90,100,125,90
10172,slowking-galar,199,18,795,172,131.0,0,65,80,95,110,110,30
10173,corsola-galar,222,6,5,144,322.0,0,55,100,60,65,100,30
10174,zigzagoon-galar,263,4,175,56,362.0,0,30,41,38,30,41,60
10175,linoone-galar,264,5,325,147,364.0,0,70,61,78,50,61,100
10176,darumaka-galar,554,7,400,63,672.0,0,90,45,70,15,45,50
10177,darmanitan-galar-standard,555,17,1200,168,675.0,0,140,55,105,30,55,95
10178,darmanitan-galar-zen,555,17,1200,189,676.0,0,160,55,105,30,55,135
10179,yamask-galar,562,5,15,61,684.0,0,55,85,38,30,65,30
10180,stunfisk-galar,618,7,205,165,741.0,0,81,99,109,66,84,32
10181,zygarde-10,718,12,335,243,859.0,0,100,71,54,61,85,115
10182,cramorant-gulping,845,8,180,166,1027.0,0,85,55,70,85,95,85
10183,cramorant-gorging,845,8,180,166,1028.0,0,85,55,70,85,95,85
10184,toxtricity-low-key,849,16,400,176,1033.0,0,98,70,75,114,70,75
10185,eiscue-noice,875,14,890,165,1060.0,0,80,70,75,65,50,130
10186,indeedee-female,876,9,280,166,1062.0,0,55,65,70,95,105,85
10187,morpeko-hangry,877,3,30,153,1064.0,0,95,58,58,70,58,97
10188,zacian-crowned,888,28,3550,360,1076.0,0,150,115,92,80,115,148
10189,zamazenta-crowned,889,29,7850,360,1078.0,0,120,140,92,80,140,128
10190,eternatus-eternamax,890,1000,0,563,1080.0,0,115,250,255,125,250,130
10191,urshifu-rapid-strike,892,19,1050,275,1083.0,0,130,100,100,63,60,97
10192,zarude-dada,893,18,700,300,1085.0,0,120,105,105,70,95,105
10193,calyrex-ice,898,24,8091,340,1091.0,0,165,150,100,85,130,50
10194,calyrex-shadow,898,24,536,340,1092.0,0,85,80,100,165,100,150
10195,venusaur-gmax,3,240,10000,236,,0,82,83,80,100,100,80
10196,charizard-gmax,6,280,10000,240,,0,84,78,78,109,85,100
10197,blastoise-gmax,9,250,10000,239,,0,83,100,79,85,105,78
10198,butterfree-gmax,12,170,10000,178,,0,45,50,60,90,80,70
10199,pikachu-gmax,25,210,10000,112,,0,55,40,35,50,50,90
10200,meowth-gmax,52,330,10000,58,,0,45,35,40,40,40,90
10201,machamp-gmax,68,250,10000,227,,0,130,80,90,65,85,55
10202,gengar-gmax,94,200,10000,225,,0,65,60,60,130,75,110
10203,kingler-gmax,99,190,10000,166,,0,130,115,55,50,50,75
10204,lapras-gmax,131,240,10000,187,,0,85,80,130,85,95,60
10205,eevee-gmax,133,180,10000,65,,0,55,50,55,45,65,55
10206,snorlax-gmax,143,350,10000,189,,0,110,65,160,65,110,30
10207,garbodor-gmax,569,210,10000,166,,0,95,82,80,60,82,75
10208,melmetal-gmax,809,250,10000,270,,0,143,143,135,80,65,34
10209,rillaboom-gmax,812,280,10000,265,,0,125,90,100,60,70,85
10210,cinderace-gmax,815,270,10000,265,,0,116,75,80,65,75,119
10211,inteleon-gmax,818,400,10000,265,,0,85,65,70,125,65,120
10212,corviknight-gmax,823,140,10000,248,,0,87,105,98,53,85,67
10213,orbeetle-gmax,826,140,10000,253,,0,45,110,60,80,120,90
10214,drednaw-gmax,834,240,10000,170,,0,115,90,90,48,68,74
10215,coalossal-gmax,839,420,10000,255,,0,80,120,110,80,90,30
10216,flapple-gmax,841,240,10000,170,,0,110,80,70,95,60,70
10217,appletun-gmax,842,240,10000,170,,0,85,80,110,100,80,30
10218,sandaconda-gmax,844,220,10000,179,,0,107,125,72,65,70,71
10219,toxtricity-amped-gmax,849,240,10000,176,,0,98,70,75,114,70,75
10220,centiskorch-gmax,851,750,10000,184,,0,115,65,100,90,90,65
10221,hatterene-gmax,858,260,10000,255,,0,90,95,57,136,103,29
10222,grimmsnarl-gmax,861,320,10000,255,,0,120,65,95,95,75,60
10223,alcremie-gmax,869,300,10000,173,,0,60,75,65,110,121,64
10224,copperajah-gmax,879,230,10000,175,,0,130,69,122,80,69,30
10225,duraludon-gmax,884,430,10000,187,,0,95,115,70,120,50,85
10226,urshifu-single-strike-gmax,892,290,10000,275,,0,130,100,100,63,60,97
10227,urshifu-rapid-strike-gmax,892,260,10000,275,,0,130,100,100,63,60,97
10228,toxtricity-low-key-gmax,849,240,10000,176,,0,98,70,75,114,70,75
10229,growlithe-hisui,58,8,227,70,,0,75,45,60,65,50,55
10230,arcanine-hisui,59,20,1680,194,,0,115,80,95,95,80,90
10231,voltorb-hisui,100,5,130,66,,0,30,50,40,55,55,100
10232,electrode-hisui,101,12,710,172,,0,50,70,60,80,80,150
10233,typhlosion-hisui,157,16,698,240,,0,84,78,73,119,85,95
10234,qwilfish-hisui,211,5,39,88,,0,95,85,65,55,55,85
10235,sneasel-hisui,215,9,270,86,,0,95,55,55,35,75,115
10236,samurott-hisui,503,15,582,238,,0,108,80,90,100,65,85
10237,lilligant-hisui,549,12,192,168,,0,105,75,70,50,75,105
10238,zorua-hisui,570,7,125,66,,0,60,40,35,85,40,70
10239,zoroark-hisui,571,16,730,179,,0,100,60,55,125,60,110
10240,braviary-hisui,628,17,434,179,,0,83,70,110,112,70,65
10241,sliggoo-hisui,705,7,685,158,,0,75,83,58,83,113,40
10242,goodra-hisui,706,17,3341,270,,0,100,100,80,110,150,60
10243,avalugg-hisui,713,14,2624,180,,0,127,184,95,34,36,38
10244,decidueye-hisui,724,16,370,239,,0,112,80,88,95,95,60
10245,dialga-origin,483,70,8487,306,,0,100,120,100,150,120,90
10246,palkia-origin,484,63,6590,306,,0,100,100,90,150,120,120
10247,basculin-white-striped,550,10,180,161,,0,92,65,70,80,55,98
10248,basculegion-female,902,30,1100,265,,0,92,65,120,100,75,78
10249,enamorus-therian,905,16,480,116,,0,115,110,74,135,100,46
10250,tauros-paldea-combat-breed,128,14,1150,172,,0,110,105,75,30,70,100
10251,tauros-paldea-blaze-breed,128,14,850,172,,0,110,105,75,30,70,100
10252,tauros-paldea-aqua-breed,128,14,1100,172,,0,110,105,75,30,70,100
10253,wooper-paldea,194,4,110,42,,0,45,45,55,25,25,15
10254,oinkologne-female,916,10,1200,171,,0,90,70,115,59,90,65
10255,dudunsparce-three-segment,982,45,474,182,,0,100,80,125,85,75,55
10256,palafin-hero,964,18,974,160,,0,160,97,100,106,87,100
10257,maushold-family-of-three,925,3,28,165,,0,75,70,74,65,75,111
10258,tatsugiri-droopy,978,3,80,166,,0,50,60,68,120,95,82
10259,tatsugiri-stretchy,978,3,80,166,,0,50,60,68,120,95,82
10260,squawkabilly-blue-plumage,931,6,24,146,,0,96,51,82,45,51,92
10261,squawkabilly-yellow-plumage,931,6,24,146,,0,96,51,82,45,51,92
10262,squawkabilly-white-plumage,931,6,24,146,,0,96,51,82,45,51,92
10263,gimmighoul-roaming,999,1,10,60,,0,30,25,45,75,45,80
10264,koraidon-limited-build,1007,35,3030,335,,0,135,115,100,85,100,135
10265,koraidon-sprinting-build,1007,35,3030,335,,0,135,115,100,85,100,135
10266,koraidon-swimming-build,1007,35,3030,335,,0,135,115,100,85,100,135
10267,koraidon-gliding-build,1007,35,3030,335,,0,135,115,100,85,100,135
10268,miraidon-low-power-mode,1008,28,2400,335,,0,85,100,100,135,115,135
10269,miraidon-drive-mode,1008,28,2400,335,,0,85,100,100,135,115,135
10270,miraidon-aquatic-mode,1008,28,2400,335,,0,85,100,100,135,115,135
10271,miraidon-glide-mode,1008,28,2400,335,,0,85,100,100,135,115,135
10272,ursaluna-bloodmoon,901,24,2900,275,,0,70,120,113,135,65,52
10273,ogerpon-wellspring-mask,1017,12,398,275,,0,120,84,80,60,96,110
10274,ogerpon-hearthflame-mask,1017,12,398,275,,0,120,84,80,60,96,110
10275,ogerpon-cornerstone-mask,1017,12,398,275,,0,120,84,80,60,96,110
10276,terapagos-terastal,1024,3,160,90,,0,95,110,95,105,110,85
10277,terapagos-stellar,1024,17,770,90,,0,105,110,160,130,110,85
